ISO-10303-21;
HEADER;
FILE_DESCRIPTION(('Designed by EasyEDA Pro'),'2;1');
FILE_NAME('Open CASCADE Shape Model','2026-10-05T11:24:44',('Author'),(
    'Open CASCADE'),'Open CASCADE STEP processor 7.8','Open CASCADE 7.8'
  ,'Unknown');
FILE_SCHEMA(('AUTOMOTIVE_DESIGN { 1 0 10303 214 1 1 1 1 }'));
ENDSEC;
DATA;

#1 = APPLICATION_PROTOCOL_DEFINITION('international standard',  'automotive_design',2000,#2);
#2 = APPLICATION_CONTEXT(  'core data for automotive mechanical design processes');
#3 = SHAPE_DEFINITION_REPRESENTATION(#4,#10);
#4 = PRODUCT_DEFINITION_SHAPE('','',#5);
#5 = PRODUCT_DEFINITION('design','',#6,#9);
#6 = PRODUCT_DEFINITION_FORMATION('','',#7);
#7 = PRODUCT('EasyEDA PCB Model~xmlH','EasyEDA PCB Model~xmlH','',(#8));
#8 = PRODUCT_CONTEXT('',#2,'mechanical');
#9 = PRODUCT_DEFINITION_CONTEXT('part definition',#2,'design');
#10=SHAPE_REPRESENTATION('',(#11,#15,#19,#23,#27,#31,#35,#39),#43);
#11 = AXIS2_PLACEMENT_3D('',#12,#13,#14);
#12 = CARTESIAN_POINT('',(0.,0.,0.));
#13 = DIRECTION('',(0.,0.,1.));
#14 = DIRECTION('',(1.,0.,-0.));
#15 = AXIS2_PLACEMENT_3D('',#16,#17,#18);
#16 = CARTESIAN_POINT('',(0.,0.,0.));
#17 = DIRECTION('',(0.,0.,1.));
#18 = DIRECTION('',(1.,0.,-0.));
#19 = AXIS2_PLACEMENT_3D('',#20,#21,#22);
#20 = CARTESIAN_POINT('',(0.,0.,0.));
#21 = DIRECTION('',(0.,0.,1.));
#22 = DIRECTION('',(1.,0.,-0.));
#23 = AXIS2_PLACEMENT_3D('',#24,#25,#26);
#24 = CARTESIAN_POINT('',(0.,0.,0.));
#25 = DIRECTION('',(0.,0.,1.));
#26 = DIRECTION('',(1.,0.,-0.));
#27 = AXIS2_PLACEMENT_3D('',#28,#29,#30);
#28 = CARTESIAN_POINT('',(0.,0.,0.));
#29 = DIRECTION('',(0.,0.,1.));
#30 = DIRECTION('',(1.,0.,-0.));
#31 = AXIS2_PLACEMENT_3D('',#32,#33,#34);
#32 = CARTESIAN_POINT('',(0.,0.,0.));
#33 = DIRECTION('',(0.,0.,1.));
#34 = DIRECTION('',(1.,0.,-0.));
#35 = AXIS2_PLACEMENT_3D('',#36,#37,#38);
#36 = CARTESIAN_POINT('',(0.,0.,0.));
#37 = DIRECTION('',(0.,0.,1.));
#38 = DIRECTION('',(1.,0.,-0.));
#39 = AXIS2_PLACEMENT_3D('',#40,#41,#42);
#40 = CARTESIAN_POINT('',(0.,0.,0.));
#41 = DIRECTION('',(0.,0.,1.));
#42 = DIRECTION('',(1.,0.,-0.));
#43 = ( GEOMETRIC_REPRESENTATION_CONTEXT(3) GLOBAL_UNCERTAINTY_ASSIGNED_CONTEXT((#47)) GLOBAL_UNIT_ASSIGNED_CONTEXT((#44,#45,#46)) REPRESENTATION_CONTEXT('Context #1',  '3D Context with UNIT and UNCERTAINTY') );
#44 = ( LENGTH_UNIT() NAMED_UNIT(*) SI_UNIT(.MILLI.,.METRE.) );
#45 = ( NAMED_UNIT(*) PLANE_ANGLE_UNIT() SI_UNIT($,.RADIAN.) );
#46 = ( NAMED_UNIT(*) SI_UNIT($,.STERADIAN.) SOLID_ANGLE_UNIT() );
#47 = UNCERTAINTY_MEASURE_WITH_UNIT(LENGTH_MEASURE(1.E-07),#44,  'distance_accuracy_value','confusion accuracy');
#48 = PRODUCT_RELATED_PRODUCT_CATEGORY('part',$,(#7));
#49 = SHAPE_DEFINITION_REPRESENTATION(#50,#56);
#50 = PRODUCT_DEFINITION_SHAPE('','',#51);
#51 = PRODUCT_DEFINITION('design','',#52,#55);
#52 = PRODUCT_DEFINITION_FORMATION('','',#53);
#53 = PRODUCT('Board~xmlH','Board~xmlH','',(#54));
#54 = PRODUCT_CONTEXT('',#2,'mechanical');
#55 = PRODUCT_DEFINITION_CONTEXT('part definition',#2,'design');
#56 = ADVANCED_BREP_SHAPE_REPRESENTATION('',(#11,#57),#3844);
#57 = MANIFOLD_SOLID_BREP('',#58);
#58 = CLOSED_SHELL('',(#59,#101,#132,#165,#196,#229,#260,#293,#324,#348,    #388,#421,#452,#476,#516,#549,#580,#604,#646,#670,#712,#736,#778,    #802,#844,#868,#910,#934,#976,#1000,#1042,#1066,#1108,#1132,#1174,    #1198,#1240,#1264,#1306,#1330,#1372,#1396,#1438,#1462,#1504,#1528,    #1570,#1594,#1636,#1660,#1702,#1726,#1768,#1792,#1834,#1858,#1900,    #1924,#1966,#1990,#2032,#2056,#2098,#2122,#2164,#2188,#2230,#2254,    #2296,#2320,#2362,#2386,#2428,#2452,#2494,#2518,#2560,#2584,#2626,    #2650,#2692,#2716,#2758,#2782,#2824,#2848,#2890,#2914,#2956,#2980,    #3022,#3046,#3088,#3112,#3154,#3178,#3220,#3244,#3286,#3310,#3352,    #3376,#3418,#3442,#3643));
#59 = ADVANCED_FACE('',(#60),#96,.T.);
#60 = FACE_BOUND('',#61,.T.);
#61 = EDGE_LOOP('',(#62,#72,#81,#89));
#62 = ORIENTED_EDGE('',*,*,#63,.T.);
#63 = EDGE_CURVE('',#64,#66,#68,.T.);
#64 = VERTEX_POINT('',#65);
#65 = CARTESIAN_POINT('',(92.21032028723,-52.46090209892,0.));
#66 = VERTEX_POINT('',#67);
#67 = CARTESIAN_POINT('',(92.21032028723,-52.46090209892,1.600050800102)  );
#68 = LINE('',#69,#70);
#69 = CARTESIAN_POINT('',(92.21032028723,-52.46090209892,0.));
#70 = VECTOR('',#71,1.);
#71 = DIRECTION('',(0.,0.,1.));
#72 = ORIENTED_EDGE('',*,*,#73,.T.);
#73 = EDGE_CURVE('',#66,#74,#76,.T.);
#74 = VERTEX_POINT('',#75);
#75 = CARTESIAN_POINT('',(93.601715541114,-51.70176859663,1.600050800102    ));
#76 = CIRCLE('',#77,6.648969741832);
#77 = AXIS2_PLACEMENT_3D('',#78,#79,#80);
#78 = CARTESIAN_POINT('',(96.067805913163,-57.87649101182,1.600050800102    ));
#79 = DIRECTION('',(0.,0.,-1.));
#80 = DIRECTION('',(-0.580162908798,0.814500459948,0.));
#81 = ORIENTED_EDGE('',*,*,#82,.F.);
#82 = EDGE_CURVE('',#83,#74,#85,.T.);
#83 = VERTEX_POINT('',#84);
#84 = CARTESIAN_POINT('',(93.601715541114,-51.70176859663,0.));
#85 = LINE('',#86,#87);
#86 = CARTESIAN_POINT('',(93.601715541114,-51.70176859663,0.));
#87 = VECTOR('',#88,1.);
#88 = DIRECTION('',(0.,0.,1.));
#89 = ORIENTED_EDGE('',*,*,#90,.F.);
#90 = EDGE_CURVE('',#64,#83,#91,.T.);
#91 = CIRCLE('',#92,6.648969741832);
#92 = AXIS2_PLACEMENT_3D('',#93,#94,#95);
#93 = CARTESIAN_POINT('',(96.067805913163,-57.87649101182,0.));
#94 = DIRECTION('',(0.,0.,-1.));
#95 = DIRECTION('',(-0.580162908798,0.814500459948,0.));
#96 = CYLINDRICAL_SURFACE('',#97,6.648969741832);
#97 = AXIS2_PLACEMENT_3D('',#98,#99,#100);
#98 = CARTESIAN_POINT('',(96.067805913163,-57.87649101182,0.));
#99 = DIRECTION('',(0.,0.,-1.));
#100 = DIRECTION('',(-0.580162908798,0.814500459948,0.));
#101 = ADVANCED_FACE('',(#102),#127,.T.);
#102 = FACE_BOUND('',#103,.T.);
#103 = EDGE_LOOP('',(#104,#105,#113,#121));
#104 = ORIENTED_EDGE('',*,*,#82,.T.);
#105 = ORIENTED_EDGE('',*,*,#106,.T.);
#106 = EDGE_CURVE('',#74,#107,#109,.T.);
#107 = VERTEX_POINT('',#108);
#108 = CARTESIAN_POINT('',(150.06891795783,-50.89548641097,    1.600050800102));
#109 = LINE('',#110,#111);
#110 = CARTESIAN_POINT('',(93.601715541114,-51.70176859663,    1.600050800102));
#111 = VECTOR('',#112,1.);
#112 = DIRECTION('',(0.999898073952,1.427731444091E-02,0.));
#113 = ORIENTED_EDGE('',*,*,#114,.F.);
#114 = EDGE_CURVE('',#115,#107,#117,.T.);
#115 = VERTEX_POINT('',#116);
#116 = CARTESIAN_POINT('',(150.06891795783,-50.89548641097,0.));
#117 = LINE('',#118,#119);
#118 = CARTESIAN_POINT('',(150.06891795783,-50.89548641097,0.));
#119 = VECTOR('',#120,1.);
#120 = DIRECTION('',(0.,0.,1.));
#121 = ORIENTED_EDGE('',*,*,#122,.F.);
#122 = EDGE_CURVE('',#83,#115,#123,.T.);
#123 = LINE('',#124,#125);
#124 = CARTESIAN_POINT('',(93.601715541114,-51.70176859663,0.));
#125 = VECTOR('',#126,1.);
#126 = DIRECTION('',(0.999898073952,1.427731444091E-02,0.));
#127 = PLANE('',#128);
#128 = AXIS2_PLACEMENT_3D('',#129,#130,#131);
#129 = CARTESIAN_POINT('',(93.601715541114,-51.70176859663,0.));
#130 = DIRECTION('',(-1.427731444091E-02,0.999898073952,0.));
#131 = DIRECTION('',(0.999898073952,1.427731444091E-02,0.));
#132 = ADVANCED_FACE('',(#133),#160,.T.);
#133 = FACE_BOUND('',#134,.T.);
#134 = EDGE_LOOP('',(#135,#136,#145,#153));
#135 = ORIENTED_EDGE('',*,*,#114,.T.);
#136 = ORIENTED_EDGE('',*,*,#137,.T.);
#137 = EDGE_CURVE('',#107,#138,#140,.T.);
#138 = VERTEX_POINT('',#139);
#139 = CARTESIAN_POINT('',(152.0066040132,-52.83317246634,1.600050800102    ));
#140 = CIRCLE('',#141,1.937686055372);
#141 = AXIS2_PLACEMENT_3D('',#142,#143,#144);
#142 = CARTESIAN_POINT('',(150.06891795783,-52.83317246634,    1.600050800102));
#143 = DIRECTION('',(0.,0.,-1.));
#144 = DIRECTION('',(-5.672047430137E-16,1.,0.));
#145 = ORIENTED_EDGE('',*,*,#146,.F.);
#146 = EDGE_CURVE('',#147,#138,#149,.T.);
#147 = VERTEX_POINT('',#148);
#148 = CARTESIAN_POINT('',(152.0066040132,-52.83317246634,0.));
#149 = LINE('',#150,#151);
#150 = CARTESIAN_POINT('',(152.0066040132,-52.83317246634,0.));
#151 = VECTOR('',#152,1.);
#152 = DIRECTION('',(0.,0.,1.));
#153 = ORIENTED_EDGE('',*,*,#154,.F.);
#154 = EDGE_CURVE('',#115,#147,#155,.T.);
#155 = CIRCLE('',#156,1.937686055372);
#156 = AXIS2_PLACEMENT_3D('',#157,#158,#159);
#157 = CARTESIAN_POINT('',(150.06891795783,-52.83317246634,0.));
#158 = DIRECTION('',(0.,0.,-1.));
#159 = DIRECTION('',(-5.672047430137E-16,1.,0.));
#160 = CYLINDRICAL_SURFACE('',#161,1.937686055372);
#161 = AXIS2_PLACEMENT_3D('',#162,#163,#164);
#162 = CARTESIAN_POINT('',(150.06891795783,-52.83317246634,0.));
#163 = DIRECTION('',(0.,0.,-1.));
#164 = DIRECTION('',(-5.672047430137E-16,1.,0.));
#165 = ADVANCED_FACE('',(#166),#191,.T.);
#166 = FACE_BOUND('',#167,.T.);
#167 = EDGE_LOOP('',(#168,#169,#177,#185));
#168 = ORIENTED_EDGE('',*,*,#146,.T.);
#169 = ORIENTED_EDGE('',*,*,#170,.T.);
#170 = EDGE_CURVE('',#138,#171,#173,.T.);
#171 = VERTEX_POINT('',#172);
#172 = CARTESIAN_POINT('',(152.0066040132,-78.80565913131,1.600050800102    ));
#173 = LINE('',#174,#175);
#174 = CARTESIAN_POINT('',(152.0066040132,-52.83317246634,1.600050800102    ));
#175 = VECTOR('',#176,1.);
#176 = DIRECTION('',(0.,-1.,0.));
#177 = ORIENTED_EDGE('',*,*,#178,.F.);
#178 = EDGE_CURVE('',#179,#171,#181,.T.);
#179 = VERTEX_POINT('',#180);
#180 = CARTESIAN_POINT('',(152.0066040132,-78.80565913131,0.));
#181 = LINE('',#182,#183);
#182 = CARTESIAN_POINT('',(152.0066040132,-78.80565913131,0.));
#183 = VECTOR('',#184,1.);
#184 = DIRECTION('',(0.,0.,1.));
#185 = ORIENTED_EDGE('',*,*,#186,.F.);
#186 = EDGE_CURVE('',#147,#179,#187,.T.);
#187 = LINE('',#188,#189);
#188 = CARTESIAN_POINT('',(152.0066040132,-52.83317246634,0.));
#189 = VECTOR('',#190,1.);
#190 = DIRECTION('',(0.,-1.,0.));
#191 = PLANE('',#192);
#192 = AXIS2_PLACEMENT_3D('',#193,#194,#195);
#193 = CARTESIAN_POINT('',(152.0066040132,-52.83317246634,0.));
#194 = DIRECTION('',(1.,0.,-0.));
#195 = DIRECTION('',(0.,-1.,0.));
#196 = ADVANCED_FACE('',(#197),#224,.T.);
#197 = FACE_BOUND('',#198,.T.);
#198 = EDGE_LOOP('',(#199,#200,#209,#217));
#199 = ORIENTED_EDGE('',*,*,#178,.T.);
#200 = ORIENTED_EDGE('',*,*,#201,.T.);
#201 = EDGE_CURVE('',#171,#202,#204,.T.);
#202 = VERTEX_POINT('',#203);
#203 = CARTESIAN_POINT('',(150.11922004972,-81.4531546863,1.600050800102    ));
#204 = CIRCLE('',#205,2.66675373291);
#205 = AXIS2_PLACEMENT_3D('',#206,#207,#208);
#206 = CARTESIAN_POINT('',(149.34160176443,-78.90229497351,    1.600050800102));
#207 = DIRECTION('',(0.,0.,-1.));
#208 = DIRECTION('',(0.999343214895,3.623725768193E-02,0.));
#209 = ORIENTED_EDGE('',*,*,#210,.F.);
#210 = EDGE_CURVE('',#211,#202,#213,.T.);
#211 = VERTEX_POINT('',#212);
#212 = CARTESIAN_POINT('',(150.11922004972,-81.4531546863,0.));
#213 = LINE('',#214,#215);
#214 = CARTESIAN_POINT('',(150.11922004972,-81.4531546863,0.));
#215 = VECTOR('',#216,1.);
#216 = DIRECTION('',(0.,0.,1.));
#217 = ORIENTED_EDGE('',*,*,#218,.F.);
#218 = EDGE_CURVE('',#179,#211,#219,.T.);
#219 = CIRCLE('',#220,2.66675373291);
#220 = AXIS2_PLACEMENT_3D('',#221,#222,#223);
#221 = CARTESIAN_POINT('',(149.34160176443,-78.90229497351,0.));
#222 = DIRECTION('',(0.,0.,-1.));
#223 = DIRECTION('',(0.999343214895,3.623725768193E-02,0.));
#224 = CYLINDRICAL_SURFACE('',#225,2.66675373291);
#225 = AXIS2_PLACEMENT_3D('',#226,#227,#228);
#226 = CARTESIAN_POINT('',(149.34160176443,-78.90229497351,0.));
#227 = DIRECTION('',(0.,0.,-1.));
#228 = DIRECTION('',(0.999343214895,3.623725768193E-02,0.));
#229 = ADVANCED_FACE('',(#230),#255,.T.);
#230 = FACE_BOUND('',#231,.T.);
#231 = EDGE_LOOP('',(#232,#233,#241,#249));
#232 = ORIENTED_EDGE('',*,*,#210,.T.);
#233 = ORIENTED_EDGE('',*,*,#234,.T.);
#234 = EDGE_CURVE('',#202,#235,#237,.T.);
#235 = VERTEX_POINT('',#236);
#236 = CARTESIAN_POINT('',(94.14097577892,-81.4531546863,1.600050800102)  );
#237 = LINE('',#238,#239);
#238 = CARTESIAN_POINT('',(150.11922004972,-81.4531546863,1.600050800102    ));
#239 = VECTOR('',#240,1.);
#240 = DIRECTION('',(-1.,-2.538638876642E-16,0.));
#241 = ORIENTED_EDGE('',*,*,#242,.F.);
#242 = EDGE_CURVE('',#243,#235,#245,.T.);
#243 = VERTEX_POINT('',#244);
#244 = CARTESIAN_POINT('',(94.14097577892,-81.4531546863,0.));
#245 = LINE('',#246,#247);
#246 = CARTESIAN_POINT('',(94.14097577892,-81.4531546863,0.));
#247 = VECTOR('',#248,1.);
#248 = DIRECTION('',(0.,0.,1.));
#249 = ORIENTED_EDGE('',*,*,#250,.F.);
#250 = EDGE_CURVE('',#211,#243,#251,.T.);
#251 = LINE('',#252,#253);
#252 = CARTESIAN_POINT('',(150.11922004972,-81.4531546863,0.));
#253 = VECTOR('',#254,1.);
#254 = DIRECTION('',(-1.,-2.538638876642E-16,0.));
#255 = PLANE('',#256);
#256 = AXIS2_PLACEMENT_3D('',#257,#258,#259);
#257 = CARTESIAN_POINT('',(150.11922004972,-81.4531546863,0.));
#258 = DIRECTION('',(2.538638876642E-16,-1.,0.));
#259 = DIRECTION('',(-1.,-2.538638876642E-16,0.));
#260 = ADVANCED_FACE('',(#261),#288,.T.);
#261 = FACE_BOUND('',#262,.T.);
#262 = EDGE_LOOP('',(#263,#264,#273,#281));
#263 = ORIENTED_EDGE('',*,*,#242,.T.);
#264 = ORIENTED_EDGE('',*,*,#265,.T.);
#265 = EDGE_CURVE('',#235,#266,#268,.T.);
#266 = VERTEX_POINT('',#267);
#267 = CARTESIAN_POINT('',(91.437719075438,-78.65010890499,    1.600050800102));
#268 = CIRCLE('',#269,3.288293744579);
#269 = AXIS2_PLACEMENT_3D('',#270,#271,#272);
#270 = CARTESIAN_POINT('',(94.69671882439,-78.21216326113,1.600050800102    ));
#271 = DIRECTION('',(0.,0.,-1.));
#272 = DIRECTION('',(-0.169006508736,-0.985614934954,-0.));
#273 = ORIENTED_EDGE('',*,*,#274,.F.);
#274 = EDGE_CURVE('',#275,#266,#277,.T.);
#275 = VERTEX_POINT('',#276);
#276 = CARTESIAN_POINT('',(91.437719075438,-78.65010890499,0.));
#277 = LINE('',#278,#279);
#278 = CARTESIAN_POINT('',(91.437719075438,-78.65010890499,0.));
#279 = VECTOR('',#280,1.);
#280 = DIRECTION('',(0.,0.,1.));
#281 = ORIENTED_EDGE('',*,*,#282,.F.);
#282 = EDGE_CURVE('',#243,#275,#283,.T.);
#283 = CIRCLE('',#284,3.288293744579);
#284 = AXIS2_PLACEMENT_3D('',#285,#286,#287);
#285 = CARTESIAN_POINT('',(94.69671882439,-78.21216326113,0.));
#286 = DIRECTION('',(0.,0.,-1.));
#287 = DIRECTION('',(-0.169006508736,-0.985614934954,-0.));
#288 = CYLINDRICAL_SURFACE('',#289,3.288293744579);
#289 = AXIS2_PLACEMENT_3D('',#290,#291,#292);
#290 = CARTESIAN_POINT('',(94.69671882439,-78.21216326113,0.));
#291 = DIRECTION('',(0.,0.,-1.));
#292 = DIRECTION('',(-0.169006508736,-0.985614934954,-0.));
#293 = ADVANCED_FACE('',(#294),#319,.T.);
#294 = FACE_BOUND('',#295,.T.);
#295 = EDGE_LOOP('',(#296,#297,#305,#313));
#296 = ORIENTED_EDGE('',*,*,#274,.T.);
#297 = ORIENTED_EDGE('',*,*,#298,.T.);
#298 = EDGE_CURVE('',#266,#299,#301,.T.);
#299 = VERTEX_POINT('',#300);
#300 = CARTESIAN_POINT('',(91.437719075438,-53.50019055056,    1.600050800102));
#301 = LINE('',#302,#303);
#302 = CARTESIAN_POINT('',(91.437719075438,-78.65010890499,    1.600050800102));
#303 = VECTOR('',#304,1.);
#304 = DIRECTION('',(0.,1.,0.));
#305 = ORIENTED_EDGE('',*,*,#306,.F.);
#306 = EDGE_CURVE('',#307,#299,#309,.T.);
#307 = VERTEX_POINT('',#308);
#308 = CARTESIAN_POINT('',(91.437719075438,-53.50019055056,0.));
#309 = LINE('',#310,#311);
#310 = CARTESIAN_POINT('',(91.437719075438,-53.50019055056,0.));
#311 = VECTOR('',#312,1.);
#312 = DIRECTION('',(0.,0.,1.));
#313 = ORIENTED_EDGE('',*,*,#314,.F.);
#314 = EDGE_CURVE('',#275,#307,#315,.T.);
#315 = LINE('',#316,#317);
#316 = CARTESIAN_POINT('',(91.437719075438,-78.65010890499,0.));
#317 = VECTOR('',#318,1.);
#318 = DIRECTION('',(0.,1.,0.));
#319 = PLANE('',#320);
#320 = AXIS2_PLACEMENT_3D('',#321,#322,#323);
#321 = CARTESIAN_POINT('',(91.437719075438,-78.65010890499,0.));
#322 = DIRECTION('',(-1.,0.,0.));
#323 = DIRECTION('',(0.,1.,0.));
#324 = ADVANCED_FACE('',(#325),#343,.T.);
#325 = FACE_BOUND('',#326,.T.);
#326 = EDGE_LOOP('',(#327,#328,#335,#336));
#327 = ORIENTED_EDGE('',*,*,#306,.T.);
#328 = ORIENTED_EDGE('',*,*,#329,.T.);
#329 = EDGE_CURVE('',#299,#66,#330,.T.);
#330 = CIRCLE('',#331,3.957029733583);
#331 = AXIS2_PLACEMENT_3D('',#332,#333,#334);
#332 = CARTESIAN_POINT('',(94.956880040434,-55.3094971622,1.600050800102    ));
#333 = DIRECTION('',(0.,0.,-1.));
#334 = DIRECTION('',(-0.889344079255,0.457238568687,0.));
#335 = ORIENTED_EDGE('',*,*,#63,.F.);
#336 = ORIENTED_EDGE('',*,*,#337,.F.);
#337 = EDGE_CURVE('',#307,#64,#338,.T.);
#338 = CIRCLE('',#339,3.957029733583);
#339 = AXIS2_PLACEMENT_3D('',#340,#341,#342);
#340 = CARTESIAN_POINT('',(94.956880040434,-55.3094971622,0.));
#341 = DIRECTION('',(0.,0.,-1.));
#342 = DIRECTION('',(-0.889344079255,0.457238568687,0.));
#343 = CYLINDRICAL_SURFACE('',#344,3.957029733583);
#344 = AXIS2_PLACEMENT_3D('',#345,#346,#347);
#345 = CARTESIAN_POINT('',(94.956880040434,-55.3094971622,0.));
#346 = DIRECTION('',(0.,0.,-1.));
#347 = DIRECTION('',(-0.889344079255,0.457238568687,0.));
#348 = ADVANCED_FACE('',(#349),#383,.T.);
#349 = FACE_BOUND('',#350,.T.);
#350 = EDGE_LOOP('',(#351,#361,#369,#377));
#351 = ORIENTED_EDGE('',*,*,#352,.T.);
#352 = EDGE_CURVE('',#353,#355,#357,.T.);
#353 = VERTEX_POINT('',#354);
#354 = CARTESIAN_POINT('',(94.377343154686,-61.55511811023,0.));
#355 = VERTEX_POINT('',#356);
#356 = CARTESIAN_POINT('',(94.377343154686,-61.55511811023,    1.600050800102));
#357 = LINE('',#358,#359);
#358 = CARTESIAN_POINT('',(94.377343154686,-61.55511811023,0.));
#359 = VECTOR('',#360,1.);
#360 = DIRECTION('',(0.,0.,1.));
#361 = ORIENTED_EDGE('',*,*,#362,.T.);
#362 = EDGE_CURVE('',#355,#363,#365,.T.);
#363 = VERTEX_POINT('',#364);
#364 = CARTESIAN_POINT('',(93.677368554737,-61.55511811023,    1.600050800102));
#365 = LINE('',#366,#367);
#366 = CARTESIAN_POINT('',(94.377343154686,-61.55511811023,    1.600050800102));
#367 = VECTOR('',#368,1.);
#368 = DIRECTION('',(-1.,0.,0.));
#369 = ORIENTED_EDGE('',*,*,#370,.F.);
#370 = EDGE_CURVE('',#371,#363,#373,.T.);
#371 = VERTEX_POINT('',#372);
#372 = CARTESIAN_POINT('',(93.677368554737,-61.55511811023,0.));
#373 = LINE('',#374,#375);
#374 = CARTESIAN_POINT('',(93.677368554737,-61.55511811023,0.));
#375 = VECTOR('',#376,1.);
#376 = DIRECTION('',(0.,0.,1.));
#377 = ORIENTED_EDGE('',*,*,#378,.F.);
#378 = EDGE_CURVE('',#353,#371,#379,.T.);
#379 = LINE('',#380,#381);
#380 = CARTESIAN_POINT('',(94.377343154686,-61.55511811023,0.));
#381 = VECTOR('',#382,1.);
#382 = DIRECTION('',(-1.,0.,0.));
#383 = PLANE('',#384);
#384 = AXIS2_PLACEMENT_3D('',#385,#386,#387);
#385 = CARTESIAN_POINT('',(94.377343154686,-61.55511811023,0.));
#386 = DIRECTION('',(0.,-1.,0.));
#387 = DIRECTION('',(-1.,0.,0.));
#388 = ADVANCED_FACE('',(#389),#416,.F.);
#389 = FACE_BOUND('',#390,.T.);
#390 = EDGE_LOOP('',(#391,#392,#401,#409));
#391 = ORIENTED_EDGE('',*,*,#370,.T.);
#392 = ORIENTED_EDGE('',*,*,#393,.T.);
#393 = EDGE_CURVE('',#363,#394,#396,.T.);
#394 = VERTEX_POINT('',#395);
#395 = CARTESIAN_POINT('',(93.677368554737,-62.25514351028,    1.600050800102));
#396 = CIRCLE('',#397,0.350012700025);
#397 = AXIS2_PLACEMENT_3D('',#398,#399,#400);
#398 = CARTESIAN_POINT('',(93.677368554737,-61.90513081026,    1.600050800102));
#399 = DIRECTION('',(0.,0.,1.));
#400 = DIRECTION('',(-1.110223024625E-16,1.,0.));
#401 = ORIENTED_EDGE('',*,*,#402,.F.);
#402 = EDGE_CURVE('',#403,#394,#405,.T.);
#403 = VERTEX_POINT('',#404);
#404 = CARTESIAN_POINT('',(93.677368554737,-62.25514351028,0.));
#405 = LINE('',#406,#407);
#406 = CARTESIAN_POINT('',(93.677368554737,-62.25514351028,0.));
#407 = VECTOR('',#408,1.);
#408 = DIRECTION('',(0.,0.,1.));
#409 = ORIENTED_EDGE('',*,*,#410,.F.);
#410 = EDGE_CURVE('',#371,#403,#411,.T.);
#411 = CIRCLE('',#412,0.350012700025);
#412 = AXIS2_PLACEMENT_3D('',#413,#414,#415);
#413 = CARTESIAN_POINT('',(93.677368554737,-61.90513081026,0.));
#414 = DIRECTION('',(0.,0.,1.));
#415 = DIRECTION('',(-1.110223024625E-16,1.,0.));
#416 = CYLINDRICAL_SURFACE('',#417,0.350012700025);
#417 = AXIS2_PLACEMENT_3D('',#418,#419,#420);
#418 = CARTESIAN_POINT('',(93.677368554737,-61.90513081026,0.));
#419 = DIRECTION('',(-0.,-0.,-1.));
#420 = DIRECTION('',(-1.110223024625E-16,1.,0.));
#421 = ADVANCED_FACE('',(#422),#447,.T.);
#422 = FACE_BOUND('',#423,.T.);
#423 = EDGE_LOOP('',(#424,#425,#433,#441));
#424 = ORIENTED_EDGE('',*,*,#402,.T.);
#425 = ORIENTED_EDGE('',*,*,#426,.T.);
#426 = EDGE_CURVE('',#394,#427,#429,.T.);
#427 = VERTEX_POINT('',#428);
#428 = CARTESIAN_POINT('',(94.377343154686,-62.25514351028,    1.600050800102));
#429 = LINE('',#430,#431);
#430 = CARTESIAN_POINT('',(93.677368554737,-62.25514351028,    1.600050800102));
#431 = VECTOR('',#432,1.);
#432 = DIRECTION('',(1.,-1.015097884711E-14,0.));
#433 = ORIENTED_EDGE('',*,*,#434,.F.);
#434 = EDGE_CURVE('',#435,#427,#437,.T.);
#435 = VERTEX_POINT('',#436);
#436 = CARTESIAN_POINT('',(94.377343154686,-62.25514351028,0.));
#437 = LINE('',#438,#439);
#438 = CARTESIAN_POINT('',(94.377343154686,-62.25514351028,0.));
#439 = VECTOR('',#440,1.);
#440 = DIRECTION('',(0.,0.,1.));
#441 = ORIENTED_EDGE('',*,*,#442,.F.);
#442 = EDGE_CURVE('',#403,#435,#443,.T.);
#443 = LINE('',#444,#445);
#444 = CARTESIAN_POINT('',(93.677368554737,-62.25514351028,0.));
#445 = VECTOR('',#446,1.);
#446 = DIRECTION('',(1.,-1.015097884711E-14,0.));
#447 = PLANE('',#448);
#448 = AXIS2_PLACEMENT_3D('',#449,#450,#451);
#449 = CARTESIAN_POINT('',(93.677368554737,-62.25514351028,0.));
#450 = DIRECTION('',(1.015097884711E-14,1.,-0.));
#451 = DIRECTION('',(1.,-1.015097884711E-14,0.));
#452 = ADVANCED_FACE('',(#453),#471,.F.);
#453 = FACE_BOUND('',#454,.T.);
#454 = EDGE_LOOP('',(#455,#456,#463,#464));
#455 = ORIENTED_EDGE('',*,*,#434,.T.);
#456 = ORIENTED_EDGE('',*,*,#457,.T.);
#457 = EDGE_CURVE('',#427,#355,#458,.T.);
#458 = CIRCLE('',#459,0.350012700025);
#459 = AXIS2_PLACEMENT_3D('',#460,#461,#462);
#460 = CARTESIAN_POINT('',(94.377343154686,-61.90513081026,    1.600050800102));
#461 = DIRECTION('',(0.,0.,1.));
#462 = DIRECTION('',(1.110223024625E-16,-1.,0.));
#463 = ORIENTED_EDGE('',*,*,#352,.F.);
#464 = ORIENTED_EDGE('',*,*,#465,.F.);
#465 = EDGE_CURVE('',#435,#353,#466,.T.);
#466 = CIRCLE('',#467,0.350012700025);
#467 = AXIS2_PLACEMENT_3D('',#468,#469,#470);
#468 = CARTESIAN_POINT('',(94.377343154686,-61.90513081026,0.));
#469 = DIRECTION('',(0.,0.,1.));
#470 = DIRECTION('',(1.110223024625E-16,-1.,0.));
#471 = CYLINDRICAL_SURFACE('',#472,0.350012700025);
#472 = AXIS2_PLACEMENT_3D('',#473,#474,#475);
#473 = CARTESIAN_POINT('',(94.377343154686,-61.90513081026,0.));
#474 = DIRECTION('',(-0.,-0.,-1.));
#475 = DIRECTION('',(1.110223024625E-16,-1.,0.));
#476 = ADVANCED_FACE('',(#477),#511,.T.);
#477 = FACE_BOUND('',#478,.T.);
#478 = EDGE_LOOP('',(#479,#489,#497,#505));
#479 = ORIENTED_EDGE('',*,*,#480,.T.);
#480 = EDGE_CURVE('',#481,#483,#485,.T.);
#481 = VERTEX_POINT('',#482);
#482 = CARTESIAN_POINT('',(94.377368554737,-68.55511811023,0.));
#483 = VERTEX_POINT('',#484);
#484 = CARTESIAN_POINT('',(94.377368554737,-68.55511811023,    1.600050800102));
#485 = LINE('',#486,#487);
#486 = CARTESIAN_POINT('',(94.377368554737,-68.55511811023,0.));
#487 = VECTOR('',#488,1.);
#488 = DIRECTION('',(0.,0.,1.));
#489 = ORIENTED_EDGE('',*,*,#490,.T.);
#490 = EDGE_CURVE('',#483,#491,#493,.T.);
#491 = VERTEX_POINT('',#492);
#492 = CARTESIAN_POINT('',(93.677393954788,-68.55511811023,    1.600050800102));
#493 = LINE('',#494,#495);
#494 = CARTESIAN_POINT('',(94.377368554737,-68.55511811023,    1.600050800102));
#495 = VECTOR('',#496,1.);
#496 = DIRECTION('',(-1.,0.,0.));
#497 = ORIENTED_EDGE('',*,*,#498,.F.);
#498 = EDGE_CURVE('',#499,#491,#501,.T.);
#499 = VERTEX_POINT('',#500);
#500 = CARTESIAN_POINT('',(93.677393954788,-68.55511811023,0.));
#501 = LINE('',#502,#503);
#502 = CARTESIAN_POINT('',(93.677393954788,-68.55511811023,0.));
#503 = VECTOR('',#504,1.);
#504 = DIRECTION('',(0.,0.,1.));
#505 = ORIENTED_EDGE('',*,*,#506,.F.);
#506 = EDGE_CURVE('',#481,#499,#507,.T.);
#507 = LINE('',#508,#509);
#508 = CARTESIAN_POINT('',(94.377368554737,-68.55511811023,0.));
#509 = VECTOR('',#510,1.);
#510 = DIRECTION('',(-1.,0.,0.));
#511 = PLANE('',#512);
#512 = AXIS2_PLACEMENT_3D('',#513,#514,#515);
#513 = CARTESIAN_POINT('',(94.377368554737,-68.55511811023,0.));
#514 = DIRECTION('',(0.,-1.,0.));
#515 = DIRECTION('',(-1.,0.,0.));
#516 = ADVANCED_FACE('',(#517),#544,.F.);
#517 = FACE_BOUND('',#518,.T.);
#518 = EDGE_LOOP('',(#519,#520,#529,#537));
#519 = ORIENTED_EDGE('',*,*,#498,.T.);
#520 = ORIENTED_EDGE('',*,*,#521,.T.);
#521 = EDGE_CURVE('',#491,#522,#524,.T.);
#522 = VERTEX_POINT('',#523);
#523 = CARTESIAN_POINT('',(93.677393954788,-69.25514351028,    1.600050800102));
#524 = CIRCLE('',#525,0.350012700025);
#525 = AXIS2_PLACEMENT_3D('',#526,#527,#528);
#526 = CARTESIAN_POINT('',(93.677393954788,-68.90513081026,    1.600050800102));
#527 = DIRECTION('',(0.,0.,1.));
#528 = DIRECTION('',(-1.110223024625E-16,1.,0.));
#529 = ORIENTED_EDGE('',*,*,#530,.F.);
#530 = EDGE_CURVE('',#531,#522,#533,.T.);
#531 = VERTEX_POINT('',#532);
#532 = CARTESIAN_POINT('',(93.677393954788,-69.25514351028,0.));
#533 = LINE('',#534,#535);
#534 = CARTESIAN_POINT('',(93.677393954788,-69.25514351028,0.));
#535 = VECTOR('',#536,1.);
#536 = DIRECTION('',(0.,0.,1.));
#537 = ORIENTED_EDGE('',*,*,#538,.F.);
#538 = EDGE_CURVE('',#499,#531,#539,.T.);
#539 = CIRCLE('',#540,0.350012700025);
#540 = AXIS2_PLACEMENT_3D('',#541,#542,#543);
#541 = CARTESIAN_POINT('',(93.677393954788,-68.90513081026,0.));
#542 = DIRECTION('',(0.,0.,1.));
#543 = DIRECTION('',(-1.110223024625E-16,1.,0.));
#544 = CYLINDRICAL_SURFACE('',#545,0.350012700025);
#545 = AXIS2_PLACEMENT_3D('',#546,#547,#548);
#546 = CARTESIAN_POINT('',(93.677393954788,-68.90513081026,0.));
#547 = DIRECTION('',(-0.,-0.,-1.));
#548 = DIRECTION('',(-1.110223024625E-16,1.,0.));
#549 = ADVANCED_FACE('',(#550),#575,.T.);
#550 = FACE_BOUND('',#551,.T.);
#551 = EDGE_LOOP('',(#552,#553,#561,#569));
#552 = ORIENTED_EDGE('',*,*,#530,.T.);
#553 = ORIENTED_EDGE('',*,*,#554,.T.);
#554 = EDGE_CURVE('',#522,#555,#557,.T.);
#555 = VERTEX_POINT('',#556);
#556 = CARTESIAN_POINT('',(94.377368554737,-69.25514351028,    1.600050800102));
#557 = LINE('',#558,#559);
#558 = CARTESIAN_POINT('',(93.677393954788,-69.25514351028,    1.600050800102));
#559 = VECTOR('',#560,1.);
#560 = DIRECTION('',(1.,-2.030195769423E-14,0.));
#561 = ORIENTED_EDGE('',*,*,#562,.F.);
#562 = EDGE_CURVE('',#563,#555,#565,.T.);
#563 = VERTEX_POINT('',#564);
#564 = CARTESIAN_POINT('',(94.377368554737,-69.25514351028,0.));
#565 = LINE('',#566,#567);
#566 = CARTESIAN_POINT('',(94.377368554737,-69.25514351028,0.));
#567 = VECTOR('',#568,1.);
#568 = DIRECTION('',(0.,0.,1.));
#569 = ORIENTED_EDGE('',*,*,#570,.F.);
#570 = EDGE_CURVE('',#531,#563,#571,.T.);
#571 = LINE('',#572,#573);
#572 = CARTESIAN_POINT('',(93.677393954788,-69.25514351028,0.));
#573 = VECTOR('',#574,1.);
#574 = DIRECTION('',(1.,-2.030195769423E-14,0.));
#575 = PLANE('',#576);
#576 = AXIS2_PLACEMENT_3D('',#577,#578,#579);
#577 = CARTESIAN_POINT('',(93.677393954788,-69.25514351028,0.));
#578 = DIRECTION('',(2.030195769423E-14,1.,-0.));
#579 = DIRECTION('',(1.,-2.030195769423E-14,0.));
#580 = ADVANCED_FACE('',(#581),#599,.F.);
#581 = FACE_BOUND('',#582,.T.);
#582 = EDGE_LOOP('',(#583,#584,#591,#592));
#583 = ORIENTED_EDGE('',*,*,#562,.T.);
#584 = ORIENTED_EDGE('',*,*,#585,.T.);
#585 = EDGE_CURVE('',#555,#483,#586,.T.);
#586 = CIRCLE('',#587,0.350012700025);
#587 = AXIS2_PLACEMENT_3D('',#588,#589,#590);
#588 = CARTESIAN_POINT('',(94.377368554737,-68.90513081026,    1.600050800102));
#589 = DIRECTION('',(0.,0.,1.));
#590 = DIRECTION('',(1.110223024625E-16,-1.,0.));
#591 = ORIENTED_EDGE('',*,*,#480,.F.);
#592 = ORIENTED_EDGE('',*,*,#593,.F.);
#593 = EDGE_CURVE('',#563,#481,#594,.T.);
#594 = CIRCLE('',#595,0.350012700025);
#595 = AXIS2_PLACEMENT_3D('',#596,#597,#598);
#596 = CARTESIAN_POINT('',(94.377368554737,-68.90513081026,0.));
#597 = DIRECTION('',(0.,0.,1.));
#598 = DIRECTION('',(1.110223024625E-16,-1.,0.));
#599 = CYLINDRICAL_SURFACE('',#600,0.350012700025);
#600 = AXIS2_PLACEMENT_3D('',#601,#602,#603);
#601 = CARTESIAN_POINT('',(94.377368554737,-68.90513081026,0.));
#602 = DIRECTION('',(-0.,-0.,-1.));
#603 = DIRECTION('',(1.110223024625E-16,-1.,0.));
#604 = ADVANCED_FACE('',(#605),#641,.F.);
#605 = FACE_BOUND('',#606,.T.);
#606 = EDGE_LOOP('',(#607,#617,#626,#634));
#607 = ORIENTED_EDGE('',*,*,#608,.T.);
#608 = EDGE_CURVE('',#609,#611,#613,.T.);
#609 = VERTEX_POINT('',#610);
#610 = CARTESIAN_POINT('',(97.177114554229,-62.90513081026,0.));
#611 = VERTEX_POINT('',#612);
#612 = CARTESIAN_POINT('',(97.177114554229,-62.90513081026,    1.600050800102));
#613 = LINE('',#614,#615);
#614 = CARTESIAN_POINT('',(97.177114554229,-62.90513081026,0.));
#615 = VECTOR('',#616,1.);
#616 = DIRECTION('',(0.,0.,1.));
#617 = ORIENTED_EDGE('',*,*,#618,.T.);
#618 = EDGE_CURVE('',#611,#619,#621,.T.);
#619 = VERTEX_POINT('',#620);
#620 = CARTESIAN_POINT('',(96.277089154178,-62.90513081026,    1.600050800102));
#621 = CIRCLE('',#622,0.450012700025);
#622 = AXIS2_PLACEMENT_3D('',#623,#624,#625);
#623 = CARTESIAN_POINT('',(96.727101854204,-62.90513081026,    1.600050800102));
#624 = DIRECTION('',(0.,0.,1.));
#625 = DIRECTION('',(1.,1.110223024625E-16,-0.));
#626 = ORIENTED_EDGE('',*,*,#627,.F.);
#627 = EDGE_CURVE('',#628,#619,#630,.T.);
#628 = VERTEX_POINT('',#629);
#629 = CARTESIAN_POINT('',(96.277089154178,-62.90513081026,0.));
#630 = LINE('',#631,#632);
#631 = CARTESIAN_POINT('',(96.277089154178,-62.90513081026,0.));
#632 = VECTOR('',#633,1.);
#633 = DIRECTION('',(0.,0.,1.));
#634 = ORIENTED_EDGE('',*,*,#635,.F.);
#635 = EDGE_CURVE('',#609,#628,#636,.T.);
#636 = CIRCLE('',#637,0.450012700025);
#637 = AXIS2_PLACEMENT_3D('',#638,#639,#640);
#638 = CARTESIAN_POINT('',(96.727101854204,-62.90513081026,0.));
#639 = DIRECTION('',(0.,0.,1.));
#640 = DIRECTION('',(1.,1.110223024625E-16,-0.));
#641 = CYLINDRICAL_SURFACE('',#642,0.450012700025);
#642 = AXIS2_PLACEMENT_3D('',#643,#644,#645);
#643 = CARTESIAN_POINT('',(96.727101854204,-62.90513081026,0.));
#644 = DIRECTION('',(-0.,-0.,-1.));
#645 = DIRECTION('',(1.,1.110223024625E-16,-0.));
#646 = ADVANCED_FACE('',(#647),#665,.F.);
#647 = FACE_BOUND('',#648,.T.);
#648 = EDGE_LOOP('',(#649,#650,#657,#658));
#649 = ORIENTED_EDGE('',*,*,#627,.T.);
#650 = ORIENTED_EDGE('',*,*,#651,.T.);
#651 = EDGE_CURVE('',#619,#611,#652,.T.);
#652 = CIRCLE('',#653,0.450012700025);
#653 = AXIS2_PLACEMENT_3D('',#654,#655,#656);
#654 = CARTESIAN_POINT('',(96.727101854204,-62.90513081026,    1.600050800102));
#655 = DIRECTION('',(0.,0.,1.));
#656 = DIRECTION('',(-1.,-1.110223024625E-16,0.));
#657 = ORIENTED_EDGE('',*,*,#608,.F.);
#658 = ORIENTED_EDGE('',*,*,#659,.F.);
#659 = EDGE_CURVE('',#628,#609,#660,.T.);
#660 = CIRCLE('',#661,0.450012700025);
#661 = AXIS2_PLACEMENT_3D('',#662,#663,#664);
#662 = CARTESIAN_POINT('',(96.727101854204,-62.90513081026,0.));
#663 = DIRECTION('',(0.,0.,1.));
#664 = DIRECTION('',(-1.,-1.110223024625E-16,0.));
#665 = CYLINDRICAL_SURFACE('',#666,0.450012700025);
#666 = AXIS2_PLACEMENT_3D('',#667,#668,#669);
#667 = CARTESIAN_POINT('',(96.727101854204,-62.90513081026,0.));
#668 = DIRECTION('',(-0.,-0.,-1.));
#669 = DIRECTION('',(-1.,-1.110223024625E-16,0.));
#670 = ADVANCED_FACE('',(#671),#707,.F.);
#671 = FACE_BOUND('',#672,.T.);
#672 = EDGE_LOOP('',(#673,#683,#692,#700));
#673 = ORIENTED_EDGE('',*,*,#674,.T.);
#674 = EDGE_CURVE('',#675,#677,#679,.T.);
#675 = VERTEX_POINT('',#676);
#676 = CARTESIAN_POINT('',(97.177114554229,-67.90513081026,0.));
#677 = VERTEX_POINT('',#678);
#678 = CARTESIAN_POINT('',(97.177114554229,-67.90513081026,    1.600050800102));
#679 = LINE('',#680,#681);
#680 = CARTESIAN_POINT('',(97.177114554229,-67.90513081026,0.));
#681 = VECTOR('',#682,1.);
#682 = DIRECTION('',(0.,0.,1.));
#683 = ORIENTED_EDGE('',*,*,#684,.T.);
#684 = EDGE_CURVE('',#677,#685,#687,.T.);
#685 = VERTEX_POINT('',#686);
#686 = CARTESIAN_POINT('',(96.277089154178,-67.90513081026,    1.600050800102));
#687 = CIRCLE('',#688,0.450012700025);
#688 = AXIS2_PLACEMENT_3D('',#689,#690,#691);
#689 = CARTESIAN_POINT('',(96.727101854204,-67.90513081026,    1.600050800102));
#690 = DIRECTION('',(0.,0.,1.));
#691 = DIRECTION('',(1.,1.110223024625E-16,-0.));
#692 = ORIENTED_EDGE('',*,*,#693,.F.);
#693 = EDGE_CURVE('',#694,#685,#696,.T.);
#694 = VERTEX_POINT('',#695);
#695 = CARTESIAN_POINT('',(96.277089154178,-67.90513081026,0.));
#696 = LINE('',#697,#698);
#697 = CARTESIAN_POINT('',(96.277089154178,-67.90513081026,0.));
#698 = VECTOR('',#699,1.);
#699 = DIRECTION('',(0.,0.,1.));
#700 = ORIENTED_EDGE('',*,*,#701,.F.);
#701 = EDGE_CURVE('',#675,#694,#702,.T.);
#702 = CIRCLE('',#703,0.450012700025);
#703 = AXIS2_PLACEMENT_3D('',#704,#705,#706);
#704 = CARTESIAN_POINT('',(96.727101854204,-67.90513081026,0.));
#705 = DIRECTION('',(0.,0.,1.));
#706 = DIRECTION('',(1.,1.110223024625E-16,-0.));
#707 = CYLINDRICAL_SURFACE('',#708,0.450012700025);
#708 = AXIS2_PLACEMENT_3D('',#709,#710,#711);
#709 = CARTESIAN_POINT('',(96.727101854204,-67.90513081026,0.));
#710 = DIRECTION('',(-0.,-0.,-1.));
#711 = DIRECTION('',(1.,1.110223024625E-16,-0.));
#712 = ADVANCED_FACE('',(#713),#731,.F.);
#713 = FACE_BOUND('',#714,.T.);
#714 = EDGE_LOOP('',(#715,#716,#723,#724));
#715 = ORIENTED_EDGE('',*,*,#693,.T.);
#716 = ORIENTED_EDGE('',*,*,#717,.T.);
#717 = EDGE_CURVE('',#685,#677,#718,.T.);
#718 = CIRCLE('',#719,0.450012700025);
#719 = AXIS2_PLACEMENT_3D('',#720,#721,#722);
#720 = CARTESIAN_POINT('',(96.727101854204,-67.90513081026,    1.600050800102));
#721 = DIRECTION('',(0.,0.,1.));
#722 = DIRECTION('',(-1.,-1.110223024625E-16,0.));
#723 = ORIENTED_EDGE('',*,*,#674,.F.);
#724 = ORIENTED_EDGE('',*,*,#725,.F.);
#725 = EDGE_CURVE('',#694,#675,#726,.T.);
#726 = CIRCLE('',#727,0.450012700025);
#727 = AXIS2_PLACEMENT_3D('',#728,#729,#730);
#728 = CARTESIAN_POINT('',(96.727101854204,-67.90513081026,0.));
#729 = DIRECTION('',(0.,0.,1.));
#730 = DIRECTION('',(-1.,-1.110223024625E-16,0.));
#731 = CYLINDRICAL_SURFACE('',#732,0.450012700025);
#732 = AXIS2_PLACEMENT_3D('',#733,#734,#735);
#733 = CARTESIAN_POINT('',(96.727101854204,-67.90513081026,0.));
#734 = DIRECTION('',(-0.,-0.,-1.));
#735 = DIRECTION('',(-1.,-1.110223024625E-16,0.));
#736 = ADVANCED_FACE('',(#737),#773,.F.);
#737 = FACE_BOUND('',#738,.T.);
#738 = EDGE_LOOP('',(#739,#749,#758,#766));
#739 = ORIENTED_EDGE('',*,*,#740,.T.);
#740 = EDGE_CURVE('',#741,#743,#745,.T.);
#741 = VERTEX_POINT('',#742);
#742 = CARTESIAN_POINT('',(100.17221234442,-63.11912623825,0.));
#743 = VERTEX_POINT('',#744);
#744 = CARTESIAN_POINT('',(100.17221234442,-63.11912623825,    1.600050800102));
#745 = LINE('',#746,#747);
#746 = CARTESIAN_POINT('',(100.17221234442,-63.11912623825,0.));
#747 = VECTOR('',#748,1.);
#748 = DIRECTION('',(0.,0.,1.));
#749 = ORIENTED_EDGE('',*,*,#750,.T.);
#750 = EDGE_CURVE('',#743,#751,#753,.T.);
#751 = VERTEX_POINT('',#752);
#752 = CARTESIAN_POINT('',(99.472186944374,-63.11912623825,    1.600050800102));
#753 = CIRCLE('',#754,0.350012700025);
#754 = AXIS2_PLACEMENT_3D('',#755,#756,#757);
#755 = CARTESIAN_POINT('',(99.822199644399,-63.11912623825,    1.600050800102));
#756 = DIRECTION('',(0.,0.,1.));
#757 = DIRECTION('',(1.,1.110223024625E-16,-0.));
#758 = ORIENTED_EDGE('',*,*,#759,.F.);
#759 = EDGE_CURVE('',#760,#751,#762,.T.);
#760 = VERTEX_POINT('',#761);
#761 = CARTESIAN_POINT('',(99.472186944374,-63.11912623825,0.));
#762 = LINE('',#763,#764);
#763 = CARTESIAN_POINT('',(99.472186944374,-63.11912623825,0.));
#764 = VECTOR('',#765,1.);
#765 = DIRECTION('',(0.,0.,1.));
#766 = ORIENTED_EDGE('',*,*,#767,.F.);
#767 = EDGE_CURVE('',#741,#760,#768,.T.);
#768 = CIRCLE('',#769,0.350012700025);
#769 = AXIS2_PLACEMENT_3D('',#770,#771,#772);
#770 = CARTESIAN_POINT('',(99.822199644399,-63.11912623825,0.));
#771 = DIRECTION('',(0.,0.,1.));
#772 = DIRECTION('',(1.,1.110223024625E-16,-0.));
#773 = CYLINDRICAL_SURFACE('',#774,0.350012700025);
#774 = AXIS2_PLACEMENT_3D('',#775,#776,#777);
#775 = CARTESIAN_POINT('',(99.822199644399,-63.11912623825,0.));
#776 = DIRECTION('',(-0.,-0.,-1.));
#777 = DIRECTION('',(1.,1.110223024625E-16,-0.));
#778 = ADVANCED_FACE('',(#779),#797,.F.);
#779 = FACE_BOUND('',#780,.T.);
#780 = EDGE_LOOP('',(#781,#782,#789,#790));
#781 = ORIENTED_EDGE('',*,*,#759,.T.);
#782 = ORIENTED_EDGE('',*,*,#783,.T.);
#783 = EDGE_CURVE('',#751,#743,#784,.T.);
#784 = CIRCLE('',#785,0.350012700025);
#785 = AXIS2_PLACEMENT_3D('',#786,#787,#788);
#786 = CARTESIAN_POINT('',(99.822199644399,-63.11912623825,    1.600050800102));
#787 = DIRECTION('',(0.,0.,1.));
#788 = DIRECTION('',(-1.,-1.110223024625E-16,0.));
#789 = ORIENTED_EDGE('',*,*,#740,.F.);
#790 = ORIENTED_EDGE('',*,*,#791,.F.);
#791 = EDGE_CURVE('',#760,#741,#792,.T.);
#792 = CIRCLE('',#793,0.350012700025);
#793 = AXIS2_PLACEMENT_3D('',#794,#795,#796);
#794 = CARTESIAN_POINT('',(99.822199644399,-63.11912623825,0.));
#795 = DIRECTION('',(0.,0.,1.));
#796 = DIRECTION('',(-1.,-1.110223024625E-16,0.));
#797 = CYLINDRICAL_SURFACE('',#798,0.350012700025);
#798 = AXIS2_PLACEMENT_3D('',#799,#800,#801);
#799 = CARTESIAN_POINT('',(99.822199644399,-63.11912623825,0.));
#800 = DIRECTION('',(-0.,-0.,-1.));
#801 = DIRECTION('',(-1.,-1.110223024625E-16,0.));
#802 = ADVANCED_FACE('',(#803),#839,.F.);
#803 = FACE_BOUND('',#804,.T.);
#804 = EDGE_LOOP('',(#805,#815,#824,#832));
#805 = ORIENTED_EDGE('',*,*,#806,.T.);
#806 = EDGE_CURVE('',#807,#809,#811,.T.);
#807 = VERTEX_POINT('',#808);
#808 = CARTESIAN_POINT('',(100.17221234442,-64.38912877825,0.));
#809 = VERTEX_POINT('',#810);
#810 = CARTESIAN_POINT('',(100.17221234442,-64.38912877825,    1.600050800102));
#811 = LINE('',#812,#813);
#812 = CARTESIAN_POINT('',(100.17221234442,-64.38912877825,0.));
#813 = VECTOR('',#814,1.);
#814 = DIRECTION('',(0.,0.,1.));
#815 = ORIENTED_EDGE('',*,*,#816,.T.);
#816 = EDGE_CURVE('',#809,#817,#819,.T.);
#817 = VERTEX_POINT('',#818);
#818 = CARTESIAN_POINT('',(99.472186944374,-64.38912877825,    1.600050800102));
#819 = CIRCLE('',#820,0.350012700025);
#820 = AXIS2_PLACEMENT_3D('',#821,#822,#823);
#821 = CARTESIAN_POINT('',(99.822199644399,-64.38912877825,    1.600050800102));
#822 = DIRECTION('',(0.,0.,1.));
#823 = DIRECTION('',(1.,1.110223024625E-16,-0.));
#824 = ORIENTED_EDGE('',*,*,#825,.F.);
#825 = EDGE_CURVE('',#826,#817,#828,.T.);
#826 = VERTEX_POINT('',#827);
#827 = CARTESIAN_POINT('',(99.472186944374,-64.38912877825,0.));
#828 = LINE('',#829,#830);
#829 = CARTESIAN_POINT('',(99.472186944374,-64.38912877825,0.));
#830 = VECTOR('',#831,1.);
#831 = DIRECTION('',(0.,0.,1.));
#832 = ORIENTED_EDGE('',*,*,#833,.F.);
#833 = EDGE_CURVE('',#807,#826,#834,.T.);
#834 = CIRCLE('',#835,0.350012700025);
#835 = AXIS2_PLACEMENT_3D('',#836,#837,#838);
#836 = CARTESIAN_POINT('',(99.822199644399,-64.38912877825,0.));
#837 = DIRECTION('',(0.,0.,1.));
#838 = DIRECTION('',(1.,1.110223024625E-16,-0.));
#839 = CYLINDRICAL_SURFACE('',#840,0.350012700025);
#840 = AXIS2_PLACEMENT_3D('',#841,#842,#843);
#841 = CARTESIAN_POINT('',(99.822199644399,-64.38912877825,0.));
#842 = DIRECTION('',(-0.,-0.,-1.));
#843 = DIRECTION('',(1.,1.110223024625E-16,-0.));
#844 = ADVANCED_FACE('',(#845),#863,.F.);
#845 = FACE_BOUND('',#846,.T.);
#846 = EDGE_LOOP('',(#847,#848,#855,#856));
#847 = ORIENTED_EDGE('',*,*,#825,.T.);
#848 = ORIENTED_EDGE('',*,*,#849,.T.);
#849 = EDGE_CURVE('',#817,#809,#850,.T.);
#850 = CIRCLE('',#851,0.350012700025);
#851 = AXIS2_PLACEMENT_3D('',#852,#853,#854);
#852 = CARTESIAN_POINT('',(99.822199644399,-64.38912877825,    1.600050800102));
#853 = DIRECTION('',(0.,0.,1.));
#854 = DIRECTION('',(-1.,-1.110223024625E-16,0.));
#855 = ORIENTED_EDGE('',*,*,#806,.F.);
#856 = ORIENTED_EDGE('',*,*,#857,.F.);
#857 = EDGE_CURVE('',#826,#807,#858,.T.);
#858 = CIRCLE('',#859,0.350012700025);
#859 = AXIS2_PLACEMENT_3D('',#860,#861,#862);
#860 = CARTESIAN_POINT('',(99.822199644399,-64.38912877825,0.));
#861 = DIRECTION('',(0.,0.,1.));
#862 = DIRECTION('',(-1.,-1.110223024625E-16,0.));
#863 = CYLINDRICAL_SURFACE('',#864,0.350012700025);
#864 = AXIS2_PLACEMENT_3D('',#865,#866,#867);
#865 = CARTESIAN_POINT('',(99.822199644399,-64.38912877825,0.));
#866 = DIRECTION('',(-0.,-0.,-1.));
#867 = DIRECTION('',(-1.,-1.110223024625E-16,0.));
#868 = ADVANCED_FACE('',(#869),#905,.F.);
#869 = FACE_BOUND('',#870,.T.);
#870 = EDGE_LOOP('',(#871,#881,#890,#898));
#871 = ORIENTED_EDGE('',*,*,#872,.T.);
#872 = EDGE_CURVE('',#873,#875,#877,.T.);
#873 = VERTEX_POINT('',#874);
#874 = CARTESIAN_POINT('',(100.17221234442,-65.65913131826,0.));
#875 = VERTEX_POINT('',#876);
#876 = CARTESIAN_POINT('',(100.17221234442,-65.65913131826,    1.600050800102));
#877 = LINE('',#878,#879);
#878 = CARTESIAN_POINT('',(100.17221234442,-65.65913131826,0.));
#879 = VECTOR('',#880,1.);
#880 = DIRECTION('',(0.,0.,1.));
#881 = ORIENTED_EDGE('',*,*,#882,.T.);
#882 = EDGE_CURVE('',#875,#883,#885,.T.);
#883 = VERTEX_POINT('',#884);
#884 = CARTESIAN_POINT('',(99.472186944374,-65.65913131826,    1.600050800102));
#885 = CIRCLE('',#886,0.350012700025);
#886 = AXIS2_PLACEMENT_3D('',#887,#888,#889);
#887 = CARTESIAN_POINT('',(99.822199644399,-65.65913131826,    1.600050800102));
#888 = DIRECTION('',(0.,0.,1.));
#889 = DIRECTION('',(1.,1.110223024625E-16,-0.));
#890 = ORIENTED_EDGE('',*,*,#891,.F.);
#891 = EDGE_CURVE('',#892,#883,#894,.T.);
#892 = VERTEX_POINT('',#893);
#893 = CARTESIAN_POINT('',(99.472186944374,-65.65913131826,0.));
#894 = LINE('',#895,#896);
#895 = CARTESIAN_POINT('',(99.472186944374,-65.65913131826,0.));
#896 = VECTOR('',#897,1.);
#897 = DIRECTION('',(0.,0.,1.));
#898 = ORIENTED_EDGE('',*,*,#899,.F.);
#899 = EDGE_CURVE('',#873,#892,#900,.T.);
#900 = CIRCLE('',#901,0.350012700025);
#901 = AXIS2_PLACEMENT_3D('',#902,#903,#904);
#902 = CARTESIAN_POINT('',(99.822199644399,-65.65913131826,0.));
#903 = DIRECTION('',(0.,0.,1.));
#904 = DIRECTION('',(1.,1.110223024625E-16,-0.));
#905 = CYLINDRICAL_SURFACE('',#906,0.350012700025);
#906 = AXIS2_PLACEMENT_3D('',#907,#908,#909);
#907 = CARTESIAN_POINT('',(99.822199644399,-65.65913131826,0.));
#908 = DIRECTION('',(-0.,-0.,-1.));
#909 = DIRECTION('',(1.,1.110223024625E-16,-0.));
#910 = ADVANCED_FACE('',(#911),#929,.F.);
#911 = FACE_BOUND('',#912,.T.);
#912 = EDGE_LOOP('',(#913,#914,#921,#922));
#913 = ORIENTED_EDGE('',*,*,#891,.T.);
#914 = ORIENTED_EDGE('',*,*,#915,.T.);
#915 = EDGE_CURVE('',#883,#875,#916,.T.);
#916 = CIRCLE('',#917,0.350012700025);
#917 = AXIS2_PLACEMENT_3D('',#918,#919,#920);
#918 = CARTESIAN_POINT('',(99.822199644399,-65.65913131826,    1.600050800102));
#919 = DIRECTION('',(0.,0.,1.));
#920 = DIRECTION('',(-1.,-1.110223024625E-16,0.));
#921 = ORIENTED_EDGE('',*,*,#872,.F.);
#922 = ORIENTED_EDGE('',*,*,#923,.F.);
#923 = EDGE_CURVE('',#892,#873,#924,.T.);
#924 = CIRCLE('',#925,0.350012700025);
#925 = AXIS2_PLACEMENT_3D('',#926,#927,#928);
#926 = CARTESIAN_POINT('',(99.822199644399,-65.65913131826,0.));
#927 = DIRECTION('',(0.,0.,1.));
#928 = DIRECTION('',(-1.,-1.110223024625E-16,0.));
#929 = CYLINDRICAL_SURFACE('',#930,0.350012700025);
#930 = AXIS2_PLACEMENT_3D('',#931,#932,#933);
#931 = CARTESIAN_POINT('',(99.822199644399,-65.65913131826,0.));
#932 = DIRECTION('',(-0.,-0.,-1.));
#933 = DIRECTION('',(-1.,-1.110223024625E-16,0.));
#934 = ADVANCED_FACE('',(#935),#971,.F.);
#935 = FACE_BOUND('',#936,.T.);
#936 = EDGE_LOOP('',(#937,#947,#956,#964));
#937 = ORIENTED_EDGE('',*,*,#938,.T.);
#938 = EDGE_CURVE('',#939,#941,#943,.T.);
#939 = VERTEX_POINT('',#940);
#940 = CARTESIAN_POINT('',(104.64221488443,-64.51612903225,0.));
#941 = VERTEX_POINT('',#942);
#942 = CARTESIAN_POINT('',(104.64221488443,-64.51612903225,    1.600050800102));
#943 = LINE('',#944,#945);
#944 = CARTESIAN_POINT('',(104.64221488443,-64.51612903225,0.));
#945 = VECTOR('',#946,1.);
#946 = DIRECTION('',(0.,0.,1.));
#947 = ORIENTED_EDGE('',*,*,#948,.T.);
#948 = EDGE_CURVE('',#941,#949,#951,.T.);
#949 = VERTEX_POINT('',#950);
#950 = CARTESIAN_POINT('',(103.8922021844,-64.51612903225,1.600050800102    ));
#951 = CIRCLE('',#952,0.375006350013);
#952 = AXIS2_PLACEMENT_3D('',#953,#954,#955);
#953 = CARTESIAN_POINT('',(104.26720853441,-64.51612903225,    1.600050800102));
#954 = DIRECTION('',(0.,0.,1.));
#955 = DIRECTION('',(1.,1.110223024625E-16,-0.));
#956 = ORIENTED_EDGE('',*,*,#957,.F.);
#957 = EDGE_CURVE('',#958,#949,#960,.T.);
#958 = VERTEX_POINT('',#959);
#959 = CARTESIAN_POINT('',(103.8922021844,-64.51612903225,0.));
#960 = LINE('',#961,#962);
#961 = CARTESIAN_POINT('',(103.8922021844,-64.51612903225,0.));
#962 = VECTOR('',#963,1.);
#963 = DIRECTION('',(0.,0.,1.));
#964 = ORIENTED_EDGE('',*,*,#965,.F.);
#965 = EDGE_CURVE('',#939,#958,#966,.T.);
#966 = CIRCLE('',#967,0.375006350013);
#967 = AXIS2_PLACEMENT_3D('',#968,#969,#970);
#968 = CARTESIAN_POINT('',(104.26720853441,-64.51612903225,0.));
#969 = DIRECTION('',(0.,0.,1.));
#970 = DIRECTION('',(1.,1.110223024625E-16,-0.));
#971 = CYLINDRICAL_SURFACE('',#972,0.375006350013);
#972 = AXIS2_PLACEMENT_3D('',#973,#974,#975);
#973 = CARTESIAN_POINT('',(104.26720853441,-64.51612903225,0.));
#974 = DIRECTION('',(-0.,-0.,-1.));
#975 = DIRECTION('',(1.,1.110223024625E-16,-0.));
#976 = ADVANCED_FACE('',(#977),#995,.F.);
#977 = FACE_BOUND('',#978,.T.);
#978 = EDGE_LOOP('',(#979,#980,#987,#988));
#979 = ORIENTED_EDGE('',*,*,#957,.T.);
#980 = ORIENTED_EDGE('',*,*,#981,.T.);
#981 = EDGE_CURVE('',#949,#941,#982,.T.);
#982 = CIRCLE('',#983,0.375006350013);
#983 = AXIS2_PLACEMENT_3D('',#984,#985,#986);
#984 = CARTESIAN_POINT('',(104.26720853441,-64.51612903225,    1.600050800102));
#985 = DIRECTION('',(0.,0.,1.));
#986 = DIRECTION('',(-1.,-1.110223024625E-16,0.));
#987 = ORIENTED_EDGE('',*,*,#938,.F.);
#988 = ORIENTED_EDGE('',*,*,#989,.F.);
#989 = EDGE_CURVE('',#958,#939,#990,.T.);
#990 = CIRCLE('',#991,0.375006350013);
#991 = AXIS2_PLACEMENT_3D('',#992,#993,#994);
#992 = CARTESIAN_POINT('',(104.26720853441,-64.51612903225,0.));
#993 = DIRECTION('',(0.,0.,1.));
#994 = DIRECTION('',(-1.,-1.110223024625E-16,0.));
#995 = CYLINDRICAL_SURFACE('',#996,0.375006350013);
#996 = AXIS2_PLACEMENT_3D('',#997,#998,#999);
#997 = CARTESIAN_POINT('',(104.26720853441,-64.51612903225,0.));
#998 = DIRECTION('',(-0.,-0.,-1.));
#999 = DIRECTION('',(-1.,-1.110223024625E-16,0.));
#1000 = ADVANCED_FACE('',(#1001),#1037,.F.);
#1001 = FACE_BOUND('',#1002,.T.);
#1002 = EDGE_LOOP('',(#1003,#1013,#1022,#1030));
#1003 = ORIENTED_EDGE('',*,*,#1004,.T.);
#1004 = EDGE_CURVE('',#1005,#1007,#1009,.T.);
#1005 = VERTEX_POINT('',#1006);
#1006 = CARTESIAN_POINT('',(104.64221488443,-65.78613157226,0.));
#1007 = VERTEX_POINT('',#1008);
#1008 = CARTESIAN_POINT('',(104.64221488443,-65.78613157226,    1.600050800102));
#1009 = LINE('',#1010,#1011);
#1010 = CARTESIAN_POINT('',(104.64221488443,-65.78613157226,0.));
#1011 = VECTOR('',#1012,1.);
#1012 = DIRECTION('',(0.,0.,1.));
#1013 = ORIENTED_EDGE('',*,*,#1014,.T.);
#1014 = EDGE_CURVE('',#1007,#1015,#1017,.T.);
#1015 = VERTEX_POINT('',#1016);
#1016 = CARTESIAN_POINT('',(103.8922021844,-65.78613157226,    1.600050800102));
#1017 = CIRCLE('',#1018,0.375006350013);
#1018 = AXIS2_PLACEMENT_3D('',#1019,#1020,#1021);
#1019 = CARTESIAN_POINT('',(104.26720853441,-65.78613157226,    1.600050800102));
#1020 = DIRECTION('',(0.,0.,1.));
#1021 = DIRECTION('',(1.,1.110223024625E-16,-0.));
#1022 = ORIENTED_EDGE('',*,*,#1023,.F.);
#1023 = EDGE_CURVE('',#1024,#1015,#1026,.T.);
#1024 = VERTEX_POINT('',#1025);
#1025 = CARTESIAN_POINT('',(103.8922021844,-65.78613157226,0.));
#1026 = LINE('',#1027,#1028);
#1027 = CARTESIAN_POINT('',(103.8922021844,-65.78613157226,0.));
#1028 = VECTOR('',#1029,1.);
#1029 = DIRECTION('',(0.,0.,1.));
#1030 = ORIENTED_EDGE('',*,*,#1031,.F.);
#1031 = EDGE_CURVE('',#1005,#1024,#1032,.T.);
#1032 = CIRCLE('',#1033,0.375006350013);
#1033 = AXIS2_PLACEMENT_3D('',#1034,#1035,#1036);
#1034 = CARTESIAN_POINT('',(104.26720853441,-65.78613157226,0.));
#1035 = DIRECTION('',(0.,0.,1.));
#1036 = DIRECTION('',(1.,1.110223024625E-16,-0.));
#1037 = CYLINDRICAL_SURFACE('',#1038,0.375006350013);
#1038 = AXIS2_PLACEMENT_3D('',#1039,#1040,#1041);
#1039 = CARTESIAN_POINT('',(104.26720853441,-65.78613157226,0.));
#1040 = DIRECTION('',(-0.,-0.,-1.));
#1041 = DIRECTION('',(1.,1.110223024625E-16,-0.));
#1042 = ADVANCED_FACE('',(#1043),#1061,.F.);
#1043 = FACE_BOUND('',#1044,.T.);
#1044 = EDGE_LOOP('',(#1045,#1046,#1053,#1054));
#1045 = ORIENTED_EDGE('',*,*,#1023,.T.);
#1046 = ORIENTED_EDGE('',*,*,#1047,.T.);
#1047 = EDGE_CURVE('',#1015,#1007,#1048,.T.);
#1048 = CIRCLE('',#1049,0.375006350013);
#1049 = AXIS2_PLACEMENT_3D('',#1050,#1051,#1052);
#1050 = CARTESIAN_POINT('',(104.26720853441,-65.78613157226,    1.600050800102));
#1051 = DIRECTION('',(0.,0.,1.));
#1052 = DIRECTION('',(-1.,-1.110223024625E-16,0.));
#1053 = ORIENTED_EDGE('',*,*,#1004,.F.);
#1054 = ORIENTED_EDGE('',*,*,#1055,.F.);
#1055 = EDGE_CURVE('',#1024,#1005,#1056,.T.);
#1056 = CIRCLE('',#1057,0.375006350013);
#1057 = AXIS2_PLACEMENT_3D('',#1058,#1059,#1060);
#1058 = CARTESIAN_POINT('',(104.26720853441,-65.78613157226,0.));
#1059 = DIRECTION('',(0.,0.,1.));
#1060 = DIRECTION('',(-1.,-1.110223024625E-16,0.));
#1061 = CYLINDRICAL_SURFACE('',#1062,0.375006350013);
#1062 = AXIS2_PLACEMENT_3D('',#1063,#1064,#1065);
#1063 = CARTESIAN_POINT('',(104.26720853441,-65.78613157226,0.));
#1064 = DIRECTION('',(-0.,-0.,-1.));
#1065 = DIRECTION('',(-1.,-1.110223024625E-16,0.));
#1066 = ADVANCED_FACE('',(#1067),#1103,.F.);
#1067 = FACE_BOUND('',#1068,.T.);
#1068 = EDGE_LOOP('',(#1069,#1079,#1088,#1096));
#1069 = ORIENTED_EDGE('',*,*,#1070,.T.);
#1070 = EDGE_CURVE('',#1071,#1073,#1075,.T.);
#1071 = VERTEX_POINT('',#1072);
#1072 = CARTESIAN_POINT('',(113.74142748285,-79.75615951231,0.));
#1073 = VERTEX_POINT('',#1074);
#1074 = CARTESIAN_POINT('',(113.74142748285,-79.75615951231,    1.600050800102));
#1075 = LINE('',#1076,#1077);
#1076 = CARTESIAN_POINT('',(113.74142748285,-79.75615951231,0.));
#1077 = VECTOR('',#1078,1.);
#1078 = DIRECTION('',(0.,0.,1.));
#1079 = ORIENTED_EDGE('',*,*,#1080,.T.);
#1080 = EDGE_CURVE('',#1073,#1081,#1083,.T.);
#1081 = VERTEX_POINT('',#1082);
#1082 = CARTESIAN_POINT('',(112.82702565405,-79.75615951231,    1.600050800102));
#1083 = CIRCLE('',#1084,0.457200914402);
#1084 = AXIS2_PLACEMENT_3D('',#1085,#1086,#1087);
#1085 = CARTESIAN_POINT('',(113.28422656845,-79.75615951231,    1.600050800102));
#1086 = DIRECTION('',(0.,0.,1.));
#1087 = DIRECTION('',(1.,1.110223024625E-16,-0.));
#1088 = ORIENTED_EDGE('',*,*,#1089,.F.);
#1089 = EDGE_CURVE('',#1090,#1081,#1092,.T.);
#1090 = VERTEX_POINT('',#1091);
#1091 = CARTESIAN_POINT('',(112.82702565405,-79.75615951231,0.));
#1092 = LINE('',#1093,#1094);
#1093 = CARTESIAN_POINT('',(112.82702565405,-79.75615951231,0.));
#1094 = VECTOR('',#1095,1.);
#1095 = DIRECTION('',(0.,0.,1.));
#1096 = ORIENTED_EDGE('',*,*,#1097,.F.);
#1097 = EDGE_CURVE('',#1071,#1090,#1098,.T.);
#1098 = CIRCLE('',#1099,0.457200914402);
#1099 = AXIS2_PLACEMENT_3D('',#1100,#1101,#1102);
#1100 = CARTESIAN_POINT('',(113.28422656845,-79.75615951231,0.));
#1101 = DIRECTION('',(0.,0.,1.));
#1102 = DIRECTION('',(1.,1.110223024625E-16,-0.));
#1103 = CYLINDRICAL_SURFACE('',#1104,0.457200914402);
#1104 = AXIS2_PLACEMENT_3D('',#1105,#1106,#1107);
#1105 = CARTESIAN_POINT('',(113.28422656845,-79.75615951231,0.));
#1106 = DIRECTION('',(-0.,-0.,-1.));
#1107 = DIRECTION('',(1.,1.110223024625E-16,-0.));
#1108 = ADVANCED_FACE('',(#1109),#1127,.F.);
#1109 = FACE_BOUND('',#1110,.T.);
#1110 = EDGE_LOOP('',(#1111,#1112,#1119,#1120));
#1111 = ORIENTED_EDGE('',*,*,#1089,.T.);
#1112 = ORIENTED_EDGE('',*,*,#1113,.T.);
#1113 = EDGE_CURVE('',#1081,#1073,#1114,.T.);
#1114 = CIRCLE('',#1115,0.457200914402);
#1115 = AXIS2_PLACEMENT_3D('',#1116,#1117,#1118);
#1116 = CARTESIAN_POINT('',(113.28422656845,-79.75615951231,    1.600050800102));
#1117 = DIRECTION('',(0.,0.,1.));
#1118 = DIRECTION('',(-1.,-1.110223024625E-16,0.));
#1119 = ORIENTED_EDGE('',*,*,#1070,.F.);
#1120 = ORIENTED_EDGE('',*,*,#1121,.F.);
#1121 = EDGE_CURVE('',#1090,#1071,#1122,.T.);
#1122 = CIRCLE('',#1123,0.457200914402);
#1123 = AXIS2_PLACEMENT_3D('',#1124,#1125,#1126);
#1124 = CARTESIAN_POINT('',(113.28422656845,-79.75615951231,0.));
#1125 = DIRECTION('',(0.,0.,1.));
#1126 = DIRECTION('',(-1.,-1.110223024625E-16,0.));
#1127 = CYLINDRICAL_SURFACE('',#1128,0.457200914402);
#1128 = AXIS2_PLACEMENT_3D('',#1129,#1130,#1131);
#1129 = CARTESIAN_POINT('',(113.28422656845,-79.75615951231,0.));
#1130 = DIRECTION('',(-0.,-0.,-1.));
#1131 = DIRECTION('',(-1.,-1.110223024625E-16,0.));
#1132 = ADVANCED_FACE('',(#1133),#1169,.F.);
#1133 = FACE_BOUND('',#1134,.T.);
#1134 = EDGE_LOOP('',(#1135,#1145,#1154,#1162));
#1135 = ORIENTED_EDGE('',*,*,#1136,.T.);
#1136 = EDGE_CURVE('',#1137,#1139,#1141,.T.);
#1137 = VERTEX_POINT('',#1138);
#1138 = CARTESIAN_POINT('',(113.86842773685,-52.83210566421,0.));
#1139 = VERTEX_POINT('',#1140);
#1140 = CARTESIAN_POINT('',(113.86842773685,-52.83210566421,    1.600050800102));
#1141 = LINE('',#1142,#1143);
#1142 = CARTESIAN_POINT('',(113.86842773685,-52.83210566421,0.));
#1143 = VECTOR('',#1144,1.);
#1144 = DIRECTION('',(0.,0.,1.));
#1145 = ORIENTED_EDGE('',*,*,#1146,.T.);
#1146 = EDGE_CURVE('',#1139,#1147,#1149,.T.);
#1147 = VERTEX_POINT('',#1148);
#1148 = CARTESIAN_POINT('',(112.95402590805,-52.83210566421,    1.600050800102));
#1149 = CIRCLE('',#1150,0.457200914402);
#1150 = AXIS2_PLACEMENT_3D('',#1151,#1152,#1153);
#1151 = CARTESIAN_POINT('',(113.41122682245,-52.83210566421,    1.600050800102));
#1152 = DIRECTION('',(0.,0.,1.));
#1153 = DIRECTION('',(1.,1.110223024625E-16,-0.));
#1154 = ORIENTED_EDGE('',*,*,#1155,.F.);
#1155 = EDGE_CURVE('',#1156,#1147,#1158,.T.);
#1156 = VERTEX_POINT('',#1157);
#1157 = CARTESIAN_POINT('',(112.95402590805,-52.83210566421,0.));
#1158 = LINE('',#1159,#1160);
#1159 = CARTESIAN_POINT('',(112.95402590805,-52.83210566421,0.));
#1160 = VECTOR('',#1161,1.);
#1161 = DIRECTION('',(0.,0.,1.));
#1162 = ORIENTED_EDGE('',*,*,#1163,.F.);
#1163 = EDGE_CURVE('',#1137,#1156,#1164,.T.);
#1164 = CIRCLE('',#1165,0.457200914402);
#1165 = AXIS2_PLACEMENT_3D('',#1166,#1167,#1168);
#1166 = CARTESIAN_POINT('',(113.41122682245,-52.83210566421,0.));
#1167 = DIRECTION('',(0.,0.,1.));
#1168 = DIRECTION('',(1.,1.110223024625E-16,-0.));
#1169 = CYLINDRICAL_SURFACE('',#1170,0.457200914402);
#1170 = AXIS2_PLACEMENT_3D('',#1171,#1172,#1173);
#1171 = CARTESIAN_POINT('',(113.41122682245,-52.83210566421,0.));
#1172 = DIRECTION('',(-0.,-0.,-1.));
#1173 = DIRECTION('',(1.,1.110223024625E-16,-0.));
#1174 = ADVANCED_FACE('',(#1175),#1193,.F.);
#1175 = FACE_BOUND('',#1176,.T.);
#1176 = EDGE_LOOP('',(#1177,#1178,#1185,#1186));
#1177 = ORIENTED_EDGE('',*,*,#1155,.T.);
#1178 = ORIENTED_EDGE('',*,*,#1179,.T.);
#1179 = EDGE_CURVE('',#1147,#1139,#1180,.T.);
#1180 = CIRCLE('',#1181,0.457200914402);
#1181 = AXIS2_PLACEMENT_3D('',#1182,#1183,#1184);
#1182 = CARTESIAN_POINT('',(113.41122682245,-52.83210566421,    1.600050800102));
#1183 = DIRECTION('',(0.,0.,1.));
#1184 = DIRECTION('',(-1.,-1.110223024625E-16,0.));
#1185 = ORIENTED_EDGE('',*,*,#1136,.F.);
#1186 = ORIENTED_EDGE('',*,*,#1187,.F.);
#1187 = EDGE_CURVE('',#1156,#1137,#1188,.T.);
#1188 = CIRCLE('',#1189,0.457200914402);
#1189 = AXIS2_PLACEMENT_3D('',#1190,#1191,#1192);
#1190 = CARTESIAN_POINT('',(113.41122682245,-52.83210566421,0.));
#1191 = DIRECTION('',(0.,0.,1.));
#1192 = DIRECTION('',(-1.,-1.110223024625E-16,0.));
#1193 = CYLINDRICAL_SURFACE('',#1194,0.457200914402);
#1194 = AXIS2_PLACEMENT_3D('',#1195,#1196,#1197);
#1195 = CARTESIAN_POINT('',(113.41122682245,-52.83210566421,0.));
#1196 = DIRECTION('',(-0.,-0.,-1.));
#1197 = DIRECTION('',(-1.,-1.110223024625E-16,0.));
#1198 = ADVANCED_FACE('',(#1199),#1235,.F.);
#1199 = FACE_BOUND('',#1200,.T.);
#1200 = EDGE_LOOP('',(#1201,#1211,#1220,#1228));
#1201 = ORIENTED_EDGE('',*,*,#1202,.T.);
#1202 = EDGE_CURVE('',#1203,#1205,#1207,.T.);
#1203 = VERTEX_POINT('',#1204);
#1204 = CARTESIAN_POINT('',(130.39827279654,-53.46710693421,0.));
#1205 = VERTEX_POINT('',#1206);
#1206 = CARTESIAN_POINT('',(130.39827279654,-53.46710693421,    1.600050800102));
#1207 = LINE('',#1208,#1209);
#1208 = CARTESIAN_POINT('',(130.39827279654,-53.46710693421,0.));
#1209 = VECTOR('',#1210,1.);
#1210 = DIRECTION('',(0.,0.,1.));
#1211 = ORIENTED_EDGE('',*,*,#1212,.T.);
#1212 = EDGE_CURVE('',#1205,#1213,#1215,.T.);
#1213 = VERTEX_POINT('',#1214);
#1214 = CARTESIAN_POINT('',(129.69824739649,-53.46710693421,    1.600050800102));
#1215 = CIRCLE('',#1216,0.350012700025);
#1216 = AXIS2_PLACEMENT_3D('',#1217,#1218,#1219);
#1217 = CARTESIAN_POINT('',(130.04826009652,-53.46710693421,    1.600050800102));
#1218 = DIRECTION('',(0.,0.,1.));
#1219 = DIRECTION('',(1.,1.110223024625E-16,-0.));
#1220 = ORIENTED_EDGE('',*,*,#1221,.F.);
#1221 = EDGE_CURVE('',#1222,#1213,#1224,.T.);
#1222 = VERTEX_POINT('',#1223);
#1223 = CARTESIAN_POINT('',(129.69824739649,-53.46710693421,0.));
#1224 = LINE('',#1225,#1226);
#1225 = CARTESIAN_POINT('',(129.69824739649,-53.46710693421,0.));
#1226 = VECTOR('',#1227,1.);
#1227 = DIRECTION('',(0.,0.,1.));
#1228 = ORIENTED_EDGE('',*,*,#1229,.F.);
#1229 = EDGE_CURVE('',#1203,#1222,#1230,.T.);
#1230 = CIRCLE('',#1231,0.350012700025);
#1231 = AXIS2_PLACEMENT_3D('',#1232,#1233,#1234);
#1232 = CARTESIAN_POINT('',(130.04826009652,-53.46710693421,0.));
#1233 = DIRECTION('',(0.,0.,1.));
#1234 = DIRECTION('',(1.,1.110223024625E-16,-0.));
#1235 = CYLINDRICAL_SURFACE('',#1236,0.350012700025);
#1236 = AXIS2_PLACEMENT_3D('',#1237,#1238,#1239);
#1237 = CARTESIAN_POINT('',(130.04826009652,-53.46710693421,0.));
#1238 = DIRECTION('',(-0.,-0.,-1.));
#1239 = DIRECTION('',(1.,1.110223024625E-16,-0.));
#1240 = ADVANCED_FACE('',(#1241),#1259,.F.);
#1241 = FACE_BOUND('',#1242,.T.);
#1242 = EDGE_LOOP('',(#1243,#1244,#1251,#1252));
#1243 = ORIENTED_EDGE('',*,*,#1221,.T.);
#1244 = ORIENTED_EDGE('',*,*,#1245,.T.);
#1245 = EDGE_CURVE('',#1213,#1205,#1246,.T.);
#1246 = CIRCLE('',#1247,0.350012700025);
#1247 = AXIS2_PLACEMENT_3D('',#1248,#1249,#1250);
#1248 = CARTESIAN_POINT('',(130.04826009652,-53.46710693421,    1.600050800102));
#1249 = DIRECTION('',(0.,0.,1.));
#1250 = DIRECTION('',(-1.,-1.110223024625E-16,0.));
#1251 = ORIENTED_EDGE('',*,*,#1202,.F.);
#1252 = ORIENTED_EDGE('',*,*,#1253,.F.);
#1253 = EDGE_CURVE('',#1222,#1203,#1254,.T.);
#1254 = CIRCLE('',#1255,0.350012700025);
#1255 = AXIS2_PLACEMENT_3D('',#1256,#1257,#1258);
#1256 = CARTESIAN_POINT('',(130.04826009652,-53.46710693421,0.));
#1257 = DIRECTION('',(0.,0.,1.));
#1258 = DIRECTION('',(-1.,-1.110223024625E-16,0.));
#1259 = CYLINDRICAL_SURFACE('',#1260,0.350012700025);
#1260 = AXIS2_PLACEMENT_3D('',#1261,#1262,#1263);
#1261 = CARTESIAN_POINT('',(130.04826009652,-53.46710693421,0.));
#1262 = DIRECTION('',(-0.,-0.,-1.));
#1263 = DIRECTION('',(-1.,-1.110223024625E-16,0.));
#1264 = ADVANCED_FACE('',(#1265),#1301,.F.);
#1265 = FACE_BOUND('',#1266,.T.);
#1266 = EDGE_LOOP('',(#1267,#1277,#1286,#1294));
#1267 = ORIENTED_EDGE('',*,*,#1268,.T.);
#1268 = EDGE_CURVE('',#1269,#1271,#1273,.T.);
#1269 = VERTEX_POINT('',#1270);
#1270 = CARTESIAN_POINT('',(130.65227330454,-78.35915671831,0.));
#1271 = VERTEX_POINT('',#1272);
#1272 = CARTESIAN_POINT('',(130.65227330454,-78.35915671831,    1.600050800102));
#1273 = LINE('',#1274,#1275);
#1274 = CARTESIAN_POINT('',(130.65227330454,-78.35915671831,0.));
#1275 = VECTOR('',#1276,1.);
#1276 = DIRECTION('',(0.,0.,1.));
#1277 = ORIENTED_EDGE('',*,*,#1278,.T.);
#1278 = EDGE_CURVE('',#1271,#1279,#1281,.T.);
#1279 = VERTEX_POINT('',#1280);
#1280 = CARTESIAN_POINT('',(129.95224790449,-78.35915671831,    1.600050800102));
#1281 = CIRCLE('',#1282,0.350012700025);
#1282 = AXIS2_PLACEMENT_3D('',#1283,#1284,#1285);
#1283 = CARTESIAN_POINT('',(130.30226060452,-78.35915671831,    1.600050800102));
#1284 = DIRECTION('',(0.,0.,1.));
#1285 = DIRECTION('',(1.,1.110223024625E-16,-0.));
#1286 = ORIENTED_EDGE('',*,*,#1287,.F.);
#1287 = EDGE_CURVE('',#1288,#1279,#1290,.T.);
#1288 = VERTEX_POINT('',#1289);
#1289 = CARTESIAN_POINT('',(129.95224790449,-78.35915671831,0.));
#1290 = LINE('',#1291,#1292);
#1291 = CARTESIAN_POINT('',(129.95224790449,-78.35915671831,0.));
#1292 = VECTOR('',#1293,1.);
#1293 = DIRECTION('',(0.,0.,1.));
#1294 = ORIENTED_EDGE('',*,*,#1295,.F.);
#1295 = EDGE_CURVE('',#1269,#1288,#1296,.T.);
#1296 = CIRCLE('',#1297,0.350012700025);
#1297 = AXIS2_PLACEMENT_3D('',#1298,#1299,#1300);
#1298 = CARTESIAN_POINT('',(130.30226060452,-78.35915671831,0.));
#1299 = DIRECTION('',(0.,0.,1.));
#1300 = DIRECTION('',(1.,1.110223024625E-16,-0.));
#1301 = CYLINDRICAL_SURFACE('',#1302,0.350012700025);
#1302 = AXIS2_PLACEMENT_3D('',#1303,#1304,#1305);
#1303 = CARTESIAN_POINT('',(130.30226060452,-78.35915671831,0.));
#1304 = DIRECTION('',(-0.,-0.,-1.));
#1305 = DIRECTION('',(1.,1.110223024625E-16,-0.));
#1306 = ADVANCED_FACE('',(#1307),#1325,.F.);
#1307 = FACE_BOUND('',#1308,.T.);
#1308 = EDGE_LOOP('',(#1309,#1310,#1317,#1318));
#1309 = ORIENTED_EDGE('',*,*,#1287,.T.);
#1310 = ORIENTED_EDGE('',*,*,#1311,.T.);
#1311 = EDGE_CURVE('',#1279,#1271,#1312,.T.);
#1312 = CIRCLE('',#1313,0.350012700025);
#1313 = AXIS2_PLACEMENT_3D('',#1314,#1315,#1316);
#1314 = CARTESIAN_POINT('',(130.30226060452,-78.35915671831,    1.600050800102));
#1315 = DIRECTION('',(0.,0.,1.));
#1316 = DIRECTION('',(-1.,-1.110223024625E-16,0.));
#1317 = ORIENTED_EDGE('',*,*,#1268,.F.);
#1318 = ORIENTED_EDGE('',*,*,#1319,.F.);
#1319 = EDGE_CURVE('',#1288,#1269,#1320,.T.);
#1320 = CIRCLE('',#1321,0.350012700025);
#1321 = AXIS2_PLACEMENT_3D('',#1322,#1323,#1324);
#1322 = CARTESIAN_POINT('',(130.30226060452,-78.35915671831,0.));
#1323 = DIRECTION('',(0.,0.,1.));
#1324 = DIRECTION('',(-1.,-1.110223024625E-16,0.));
#1325 = CYLINDRICAL_SURFACE('',#1326,0.350012700025);
#1326 = AXIS2_PLACEMENT_3D('',#1327,#1328,#1329);
#1327 = CARTESIAN_POINT('',(130.30226060452,-78.35915671831,0.));
#1328 = DIRECTION('',(-0.,-0.,-1.));
#1329 = DIRECTION('',(-1.,-1.110223024625E-16,0.));
#1330 = ADVANCED_FACE('',(#1331),#1367,.F.);
#1331 = FACE_BOUND('',#1332,.T.);
#1332 = EDGE_LOOP('',(#1333,#1343,#1352,#1360));
#1333 = ORIENTED_EDGE('',*,*,#1334,.T.);
#1334 = EDGE_CURVE('',#1335,#1337,#1339,.T.);
#1335 = VERTEX_POINT('',#1336);
#1336 = CARTESIAN_POINT('',(131.66827533655,-53.46710693421,0.));
#1337 = VERTEX_POINT('',#1338);
#1338 = CARTESIAN_POINT('',(131.66827533655,-53.46710693421,    1.600050800102));
#1339 = LINE('',#1340,#1341);
#1340 = CARTESIAN_POINT('',(131.66827533655,-53.46710693421,0.));
#1341 = VECTOR('',#1342,1.);
#1342 = DIRECTION('',(0.,0.,1.));
#1343 = ORIENTED_EDGE('',*,*,#1344,.T.);
#1344 = EDGE_CURVE('',#1337,#1345,#1347,.T.);
#1345 = VERTEX_POINT('',#1346);
#1346 = CARTESIAN_POINT('',(130.9682499365,-53.46710693421,    1.600050800102));
#1347 = CIRCLE('',#1348,0.350012700025);
#1348 = AXIS2_PLACEMENT_3D('',#1349,#1350,#1351);
#1349 = CARTESIAN_POINT('',(131.31826263652,-53.46710693421,    1.600050800102));
#1350 = DIRECTION('',(0.,0.,1.));
#1351 = DIRECTION('',(1.,1.110223024625E-16,-0.));
#1352 = ORIENTED_EDGE('',*,*,#1353,.F.);
#1353 = EDGE_CURVE('',#1354,#1345,#1356,.T.);
#1354 = VERTEX_POINT('',#1355);
#1355 = CARTESIAN_POINT('',(130.9682499365,-53.46710693421,0.));
#1356 = LINE('',#1357,#1358);
#1357 = CARTESIAN_POINT('',(130.9682499365,-53.46710693421,0.));
#1358 = VECTOR('',#1359,1.);
#1359 = DIRECTION('',(0.,0.,1.));
#1360 = ORIENTED_EDGE('',*,*,#1361,.F.);
#1361 = EDGE_CURVE('',#1335,#1354,#1362,.T.);
#1362 = CIRCLE('',#1363,0.350012700025);
#1363 = AXIS2_PLACEMENT_3D('',#1364,#1365,#1366);
#1364 = CARTESIAN_POINT('',(131.31826263652,-53.46710693421,0.));
#1365 = DIRECTION('',(0.,0.,1.));
#1366 = DIRECTION('',(1.,1.110223024625E-16,-0.));
#1367 = CYLINDRICAL_SURFACE('',#1368,0.350012700025);
#1368 = AXIS2_PLACEMENT_3D('',#1369,#1370,#1371);
#1369 = CARTESIAN_POINT('',(131.31826263652,-53.46710693421,0.));
#1370 = DIRECTION('',(-0.,-0.,-1.));
#1371 = DIRECTION('',(1.,1.110223024625E-16,-0.));
#1372 = ADVANCED_FACE('',(#1373),#1391,.F.);
#1373 = FACE_BOUND('',#1374,.T.);
#1374 = EDGE_LOOP('',(#1375,#1376,#1383,#1384));
#1375 = ORIENTED_EDGE('',*,*,#1353,.T.);
#1376 = ORIENTED_EDGE('',*,*,#1377,.T.);
#1377 = EDGE_CURVE('',#1345,#1337,#1378,.T.);
#1378 = CIRCLE('',#1379,0.350012700025);
#1379 = AXIS2_PLACEMENT_3D('',#1380,#1381,#1382);
#1380 = CARTESIAN_POINT('',(131.31826263652,-53.46710693421,    1.600050800102));
#1381 = DIRECTION('',(0.,0.,1.));
#1382 = DIRECTION('',(-1.,-1.110223024625E-16,0.));
#1383 = ORIENTED_EDGE('',*,*,#1334,.F.);
#1384 = ORIENTED_EDGE('',*,*,#1385,.F.);
#1385 = EDGE_CURVE('',#1354,#1335,#1386,.T.);
#1386 = CIRCLE('',#1387,0.350012700025);
#1387 = AXIS2_PLACEMENT_3D('',#1388,#1389,#1390);
#1388 = CARTESIAN_POINT('',(131.31826263652,-53.46710693421,0.));
#1389 = DIRECTION('',(0.,0.,1.));
#1390 = DIRECTION('',(-1.,-1.110223024625E-16,0.));
#1391 = CYLINDRICAL_SURFACE('',#1392,0.350012700025);
#1392 = AXIS2_PLACEMENT_3D('',#1393,#1394,#1395);
#1393 = CARTESIAN_POINT('',(131.31826263652,-53.46710693421,0.));
#1394 = DIRECTION('',(-0.,-0.,-1.));
#1395 = DIRECTION('',(-1.,-1.110223024625E-16,0.));
#1396 = ADVANCED_FACE('',(#1397),#1433,.F.);
#1397 = FACE_BOUND('',#1398,.T.);
#1398 = EDGE_LOOP('',(#1399,#1409,#1418,#1426));
#1399 = ORIENTED_EDGE('',*,*,#1400,.T.);
#1400 = EDGE_CURVE('',#1401,#1403,#1405,.T.);
#1401 = VERTEX_POINT('',#1402);
#1402 = CARTESIAN_POINT('',(131.92227584455,-78.35915671831,0.));
#1403 = VERTEX_POINT('',#1404);
#1404 = CARTESIAN_POINT('',(131.92227584455,-78.35915671831,    1.600050800102));
#1405 = LINE('',#1406,#1407);
#1406 = CARTESIAN_POINT('',(131.92227584455,-78.35915671831,0.));
#1407 = VECTOR('',#1408,1.);
#1408 = DIRECTION('',(0.,0.,1.));
#1409 = ORIENTED_EDGE('',*,*,#1410,.T.);
#1410 = EDGE_CURVE('',#1403,#1411,#1413,.T.);
#1411 = VERTEX_POINT('',#1412);
#1412 = CARTESIAN_POINT('',(131.2222504445,-78.35915671831,    1.600050800102));
#1413 = CIRCLE('',#1414,0.350012700025);
#1414 = AXIS2_PLACEMENT_3D('',#1415,#1416,#1417);
#1415 = CARTESIAN_POINT('',(131.57226314452,-78.35915671831,    1.600050800102));
#1416 = DIRECTION('',(0.,0.,1.));
#1417 = DIRECTION('',(1.,1.110223024625E-16,-0.));
#1418 = ORIENTED_EDGE('',*,*,#1419,.F.);
#1419 = EDGE_CURVE('',#1420,#1411,#1422,.T.);
#1420 = VERTEX_POINT('',#1421);
#1421 = CARTESIAN_POINT('',(131.2222504445,-78.35915671831,0.));
#1422 = LINE('',#1423,#1424);
#1423 = CARTESIAN_POINT('',(131.2222504445,-78.35915671831,0.));
#1424 = VECTOR('',#1425,1.);
#1425 = DIRECTION('',(0.,0.,1.));
#1426 = ORIENTED_EDGE('',*,*,#1427,.F.);
#1427 = EDGE_CURVE('',#1401,#1420,#1428,.T.);
#1428 = CIRCLE('',#1429,0.350012700025);
#1429 = AXIS2_PLACEMENT_3D('',#1430,#1431,#1432);
#1430 = CARTESIAN_POINT('',(131.57226314452,-78.35915671831,0.));
#1431 = DIRECTION('',(0.,0.,1.));
#1432 = DIRECTION('',(1.,1.110223024625E-16,-0.));
#1433 = CYLINDRICAL_SURFACE('',#1434,0.350012700025);
#1434 = AXIS2_PLACEMENT_3D('',#1435,#1436,#1437);
#1435 = CARTESIAN_POINT('',(131.57226314452,-78.35915671831,0.));
#1436 = DIRECTION('',(-0.,-0.,-1.));
#1437 = DIRECTION('',(1.,1.110223024625E-16,-0.));
#1438 = ADVANCED_FACE('',(#1439),#1457,.F.);
#1439 = FACE_BOUND('',#1440,.T.);
#1440 = EDGE_LOOP('',(#1441,#1442,#1449,#1450));
#1441 = ORIENTED_EDGE('',*,*,#1419,.T.);
#1442 = ORIENTED_EDGE('',*,*,#1443,.T.);
#1443 = EDGE_CURVE('',#1411,#1403,#1444,.T.);
#1444 = CIRCLE('',#1445,0.350012700025);
#1445 = AXIS2_PLACEMENT_3D('',#1446,#1447,#1448);
#1446 = CARTESIAN_POINT('',(131.57226314452,-78.35915671831,    1.600050800102));
#1447 = DIRECTION('',(0.,0.,1.));
#1448 = DIRECTION('',(-1.,-1.110223024625E-16,0.));
#1449 = ORIENTED_EDGE('',*,*,#1400,.F.);
#1450 = ORIENTED_EDGE('',*,*,#1451,.F.);
#1451 = EDGE_CURVE('',#1420,#1401,#1452,.T.);
#1452 = CIRCLE('',#1453,0.350012700025);
#1453 = AXIS2_PLACEMENT_3D('',#1454,#1455,#1456);
#1454 = CARTESIAN_POINT('',(131.57226314452,-78.35915671831,0.));
#1455 = DIRECTION('',(0.,0.,1.));
#1456 = DIRECTION('',(-1.,-1.110223024625E-16,0.));
#1457 = CYLINDRICAL_SURFACE('',#1458,0.350012700025);
#1458 = AXIS2_PLACEMENT_3D('',#1459,#1460,#1461);
#1459 = CARTESIAN_POINT('',(131.57226314452,-78.35915671831,0.));
#1460 = DIRECTION('',(-0.,-0.,-1.));
#1461 = DIRECTION('',(-1.,-1.110223024625E-16,0.));
#1462 = ADVANCED_FACE('',(#1463),#1499,.F.);
#1463 = FACE_BOUND('',#1464,.T.);
#1464 = EDGE_LOOP('',(#1465,#1475,#1484,#1492));
#1465 = ORIENTED_EDGE('',*,*,#1466,.T.);
#1466 = EDGE_CURVE('',#1467,#1469,#1471,.T.);
#1467 = VERTEX_POINT('',#1468);
#1468 = CARTESIAN_POINT('',(132.93827787655,-53.46710693421,0.));
#1469 = VERTEX_POINT('',#1470);
#1470 = CARTESIAN_POINT('',(132.93827787655,-53.46710693421,    1.600050800102));
#1471 = LINE('',#1472,#1473);
#1472 = CARTESIAN_POINT('',(132.93827787655,-53.46710693421,0.));
#1473 = VECTOR('',#1474,1.);
#1474 = DIRECTION('',(0.,0.,1.));
#1475 = ORIENTED_EDGE('',*,*,#1476,.T.);
#1476 = EDGE_CURVE('',#1469,#1477,#1479,.T.);
#1477 = VERTEX_POINT('',#1478);
#1478 = CARTESIAN_POINT('',(132.2382524765,-53.46710693421,    1.600050800102));
#1479 = CIRCLE('',#1480,0.350012700025);
#1480 = AXIS2_PLACEMENT_3D('',#1481,#1482,#1483);
#1481 = CARTESIAN_POINT('',(132.58826517653,-53.46710693421,    1.600050800102));
#1482 = DIRECTION('',(0.,0.,1.));
#1483 = DIRECTION('',(1.,1.110223024625E-16,-0.));
#1484 = ORIENTED_EDGE('',*,*,#1485,.F.);
#1485 = EDGE_CURVE('',#1486,#1477,#1488,.T.);
#1486 = VERTEX_POINT('',#1487);
#1487 = CARTESIAN_POINT('',(132.2382524765,-53.46710693421,0.));
#1488 = LINE('',#1489,#1490);
#1489 = CARTESIAN_POINT('',(132.2382524765,-53.46710693421,0.));
#1490 = VECTOR('',#1491,1.);
#1491 = DIRECTION('',(0.,0.,1.));
#1492 = ORIENTED_EDGE('',*,*,#1493,.F.);
#1493 = EDGE_CURVE('',#1467,#1486,#1494,.T.);
#1494 = CIRCLE('',#1495,0.350012700025);
#1495 = AXIS2_PLACEMENT_3D('',#1496,#1497,#1498);
#1496 = CARTESIAN_POINT('',(132.58826517653,-53.46710693421,0.));
#1497 = DIRECTION('',(0.,0.,1.));
#1498 = DIRECTION('',(1.,1.110223024625E-16,-0.));
#1499 = CYLINDRICAL_SURFACE('',#1500,0.350012700025);
#1500 = AXIS2_PLACEMENT_3D('',#1501,#1502,#1503);
#1501 = CARTESIAN_POINT('',(132.58826517653,-53.46710693421,0.));
#1502 = DIRECTION('',(-0.,-0.,-1.));
#1503 = DIRECTION('',(1.,1.110223024625E-16,-0.));
#1504 = ADVANCED_FACE('',(#1505),#1523,.F.);
#1505 = FACE_BOUND('',#1506,.T.);
#1506 = EDGE_LOOP('',(#1507,#1508,#1515,#1516));
#1507 = ORIENTED_EDGE('',*,*,#1485,.T.);
#1508 = ORIENTED_EDGE('',*,*,#1509,.T.);
#1509 = EDGE_CURVE('',#1477,#1469,#1510,.T.);
#1510 = CIRCLE('',#1511,0.350012700025);
#1511 = AXIS2_PLACEMENT_3D('',#1512,#1513,#1514);
#1512 = CARTESIAN_POINT('',(132.58826517653,-53.46710693421,    1.600050800102));
#1513 = DIRECTION('',(0.,0.,1.));
#1514 = DIRECTION('',(-1.,-1.110223024625E-16,0.));
#1515 = ORIENTED_EDGE('',*,*,#1466,.F.);
#1516 = ORIENTED_EDGE('',*,*,#1517,.F.);
#1517 = EDGE_CURVE('',#1486,#1467,#1518,.T.);
#1518 = CIRCLE('',#1519,0.350012700025);
#1519 = AXIS2_PLACEMENT_3D('',#1520,#1521,#1522);
#1520 = CARTESIAN_POINT('',(132.58826517653,-53.46710693421,0.));
#1521 = DIRECTION('',(0.,0.,1.));
#1522 = DIRECTION('',(-1.,-1.110223024625E-16,0.));
#1523 = CYLINDRICAL_SURFACE('',#1524,0.350012700025);
#1524 = AXIS2_PLACEMENT_3D('',#1525,#1526,#1527);
#1525 = CARTESIAN_POINT('',(132.58826517653,-53.46710693421,0.));
#1526 = DIRECTION('',(-0.,-0.,-1.));
#1527 = DIRECTION('',(-1.,-1.110223024625E-16,0.));
#1528 = ADVANCED_FACE('',(#1529),#1565,.F.);
#1529 = FACE_BOUND('',#1530,.T.);
#1530 = EDGE_LOOP('',(#1531,#1541,#1550,#1558));
#1531 = ORIENTED_EDGE('',*,*,#1532,.T.);
#1532 = EDGE_CURVE('',#1533,#1535,#1537,.T.);
#1533 = VERTEX_POINT('',#1534);
#1534 = CARTESIAN_POINT('',(133.19227838455,-78.35915671831,0.));
#1535 = VERTEX_POINT('',#1536);
#1536 = CARTESIAN_POINT('',(133.19227838455,-78.35915671831,    1.600050800102));
#1537 = LINE('',#1538,#1539);
#1538 = CARTESIAN_POINT('',(133.19227838455,-78.35915671831,0.));
#1539 = VECTOR('',#1540,1.);
#1540 = DIRECTION('',(0.,0.,1.));
#1541 = ORIENTED_EDGE('',*,*,#1542,.T.);
#1542 = EDGE_CURVE('',#1535,#1543,#1545,.T.);
#1543 = VERTEX_POINT('',#1544);
#1544 = CARTESIAN_POINT('',(132.4922529845,-78.35915671831,    1.600050800102));
#1545 = CIRCLE('',#1546,0.350012700025);
#1546 = AXIS2_PLACEMENT_3D('',#1547,#1548,#1549);
#1547 = CARTESIAN_POINT('',(132.84226568453,-78.35915671831,    1.600050800102));
#1548 = DIRECTION('',(0.,0.,1.));
#1549 = DIRECTION('',(1.,1.110223024625E-16,-0.));
#1550 = ORIENTED_EDGE('',*,*,#1551,.F.);
#1551 = EDGE_CURVE('',#1552,#1543,#1554,.T.);
#1552 = VERTEX_POINT('',#1553);
#1553 = CARTESIAN_POINT('',(132.4922529845,-78.35915671831,0.));
#1554 = LINE('',#1555,#1556);
#1555 = CARTESIAN_POINT('',(132.4922529845,-78.35915671831,0.));
#1556 = VECTOR('',#1557,1.);
#1557 = DIRECTION('',(0.,0.,1.));
#1558 = ORIENTED_EDGE('',*,*,#1559,.F.);
#1559 = EDGE_CURVE('',#1533,#1552,#1560,.T.);
#1560 = CIRCLE('',#1561,0.350012700025);
#1561 = AXIS2_PLACEMENT_3D('',#1562,#1563,#1564);
#1562 = CARTESIAN_POINT('',(132.84226568453,-78.35915671831,0.));
#1563 = DIRECTION('',(0.,0.,1.));
#1564 = DIRECTION('',(1.,1.110223024625E-16,-0.));
#1565 = CYLINDRICAL_SURFACE('',#1566,0.350012700025);
#1566 = AXIS2_PLACEMENT_3D('',#1567,#1568,#1569);
#1567 = CARTESIAN_POINT('',(132.84226568453,-78.35915671831,0.));
#1568 = DIRECTION('',(-0.,-0.,-1.));
#1569 = DIRECTION('',(1.,1.110223024625E-16,-0.));
#1570 = ADVANCED_FACE('',(#1571),#1589,.F.);
#1571 = FACE_BOUND('',#1572,.T.);
#1572 = EDGE_LOOP('',(#1573,#1574,#1581,#1582));
#1573 = ORIENTED_EDGE('',*,*,#1551,.T.);
#1574 = ORIENTED_EDGE('',*,*,#1575,.T.);
#1575 = EDGE_CURVE('',#1543,#1535,#1576,.T.);
#1576 = CIRCLE('',#1577,0.350012700025);
#1577 = AXIS2_PLACEMENT_3D('',#1578,#1579,#1580);
#1578 = CARTESIAN_POINT('',(132.84226568453,-78.35915671831,    1.600050800102));
#1579 = DIRECTION('',(0.,0.,1.));
#1580 = DIRECTION('',(-1.,-1.110223024625E-16,0.));
#1581 = ORIENTED_EDGE('',*,*,#1532,.F.);
#1582 = ORIENTED_EDGE('',*,*,#1583,.F.);
#1583 = EDGE_CURVE('',#1552,#1533,#1584,.T.);
#1584 = CIRCLE('',#1585,0.350012700025);
#1585 = AXIS2_PLACEMENT_3D('',#1586,#1587,#1588);
#1586 = CARTESIAN_POINT('',(132.84226568453,-78.35915671831,0.));
#1587 = DIRECTION('',(0.,0.,1.));
#1588 = DIRECTION('',(-1.,-1.110223024625E-16,0.));
#1589 = CYLINDRICAL_SURFACE('',#1590,0.350012700025);
#1590 = AXIS2_PLACEMENT_3D('',#1591,#1592,#1593);
#1591 = CARTESIAN_POINT('',(132.84226568453,-78.35915671831,0.));
#1592 = DIRECTION('',(-0.,-0.,-1.));
#1593 = DIRECTION('',(-1.,-1.110223024625E-16,0.));
#1594 = ADVANCED_FACE('',(#1595),#1631,.F.);
#1595 = FACE_BOUND('',#1596,.T.);
#1596 = EDGE_LOOP('',(#1597,#1607,#1616,#1624));
#1597 = ORIENTED_EDGE('',*,*,#1598,.T.);
#1598 = EDGE_CURVE('',#1599,#1601,#1603,.T.);
#1599 = VERTEX_POINT('',#1600);
#1600 = CARTESIAN_POINT('',(134.20828041656,-53.46710693421,0.));
#1601 = VERTEX_POINT('',#1602);
#1602 = CARTESIAN_POINT('',(134.20828041656,-53.46710693421,    1.600050800102));
#1603 = LINE('',#1604,#1605);
#1604 = CARTESIAN_POINT('',(134.20828041656,-53.46710693421,0.));
#1605 = VECTOR('',#1606,1.);
#1606 = DIRECTION('',(0.,0.,1.));
#1607 = ORIENTED_EDGE('',*,*,#1608,.T.);
#1608 = EDGE_CURVE('',#1601,#1609,#1611,.T.);
#1609 = VERTEX_POINT('',#1610);
#1610 = CARTESIAN_POINT('',(133.50825501651,-53.46710693421,    1.600050800102));
#1611 = CIRCLE('',#1612,0.350012700025);
#1612 = AXIS2_PLACEMENT_3D('',#1613,#1614,#1615);
#1613 = CARTESIAN_POINT('',(133.85826771653,-53.46710693421,    1.600050800102));
#1614 = DIRECTION('',(0.,0.,1.));
#1615 = DIRECTION('',(1.,1.110223024625E-16,-0.));
#1616 = ORIENTED_EDGE('',*,*,#1617,.F.);
#1617 = EDGE_CURVE('',#1618,#1609,#1620,.T.);
#1618 = VERTEX_POINT('',#1619);
#1619 = CARTESIAN_POINT('',(133.50825501651,-53.46710693421,0.));
#1620 = LINE('',#1621,#1622);
#1621 = CARTESIAN_POINT('',(133.50825501651,-53.46710693421,0.));
#1622 = VECTOR('',#1623,1.);
#1623 = DIRECTION('',(0.,0.,1.));
#1624 = ORIENTED_EDGE('',*,*,#1625,.F.);
#1625 = EDGE_CURVE('',#1599,#1618,#1626,.T.);
#1626 = CIRCLE('',#1627,0.350012700025);
#1627 = AXIS2_PLACEMENT_3D('',#1628,#1629,#1630);
#1628 = CARTESIAN_POINT('',(133.85826771653,-53.46710693421,0.));
#1629 = DIRECTION('',(0.,0.,1.));
#1630 = DIRECTION('',(1.,1.110223024625E-16,-0.));
#1631 = CYLINDRICAL_SURFACE('',#1632,0.350012700025);
#1632 = AXIS2_PLACEMENT_3D('',#1633,#1634,#1635);
#1633 = CARTESIAN_POINT('',(133.85826771653,-53.46710693421,0.));
#1634 = DIRECTION('',(-0.,-0.,-1.));
#1635 = DIRECTION('',(1.,1.110223024625E-16,-0.));
#1636 = ADVANCED_FACE('',(#1637),#1655,.F.);
#1637 = FACE_BOUND('',#1638,.T.);
#1638 = EDGE_LOOP('',(#1639,#1640,#1647,#1648));
#1639 = ORIENTED_EDGE('',*,*,#1617,.T.);
#1640 = ORIENTED_EDGE('',*,*,#1641,.T.);
#1641 = EDGE_CURVE('',#1609,#1601,#1642,.T.);
#1642 = CIRCLE('',#1643,0.350012700025);
#1643 = AXIS2_PLACEMENT_3D('',#1644,#1645,#1646);
#1644 = CARTESIAN_POINT('',(133.85826771653,-53.46710693421,    1.600050800102));
#1645 = DIRECTION('',(0.,0.,1.));
#1646 = DIRECTION('',(-1.,-1.110223024625E-16,0.));
#1647 = ORIENTED_EDGE('',*,*,#1598,.F.);
#1648 = ORIENTED_EDGE('',*,*,#1649,.F.);
#1649 = EDGE_CURVE('',#1618,#1599,#1650,.T.);
#1650 = CIRCLE('',#1651,0.350012700025);
#1651 = AXIS2_PLACEMENT_3D('',#1652,#1653,#1654);
#1652 = CARTESIAN_POINT('',(133.85826771653,-53.46710693421,0.));
#1653 = DIRECTION('',(0.,0.,1.));
#1654 = DIRECTION('',(-1.,-1.110223024625E-16,0.));
#1655 = CYLINDRICAL_SURFACE('',#1656,0.350012700025);
#1656 = AXIS2_PLACEMENT_3D('',#1657,#1658,#1659);
#1657 = CARTESIAN_POINT('',(133.85826771653,-53.46710693421,0.));
#1658 = DIRECTION('',(-0.,-0.,-1.));
#1659 = DIRECTION('',(-1.,-1.110223024625E-16,0.));
#1660 = ADVANCED_FACE('',(#1661),#1697,.F.);
#1661 = FACE_BOUND('',#1662,.T.);
#1662 = EDGE_LOOP('',(#1663,#1673,#1682,#1690));
#1663 = ORIENTED_EDGE('',*,*,#1664,.T.);
#1664 = EDGE_CURVE('',#1665,#1667,#1669,.T.);
#1665 = VERTEX_POINT('',#1666);
#1666 = CARTESIAN_POINT('',(134.46228092456,-78.35915671831,0.));
#1667 = VERTEX_POINT('',#1668);
#1668 = CARTESIAN_POINT('',(134.46228092456,-78.35915671831,    1.600050800102));
#1669 = LINE('',#1670,#1671);
#1670 = CARTESIAN_POINT('',(134.46228092456,-78.35915671831,0.));
#1671 = VECTOR('',#1672,1.);
#1672 = DIRECTION('',(0.,0.,1.));
#1673 = ORIENTED_EDGE('',*,*,#1674,.T.);
#1674 = EDGE_CURVE('',#1667,#1675,#1677,.T.);
#1675 = VERTEX_POINT('',#1676);
#1676 = CARTESIAN_POINT('',(133.76225552451,-78.35915671831,    1.600050800102));
#1677 = CIRCLE('',#1678,0.350012700025);
#1678 = AXIS2_PLACEMENT_3D('',#1679,#1680,#1681);
#1679 = CARTESIAN_POINT('',(134.11226822453,-78.35915671831,    1.600050800102));
#1680 = DIRECTION('',(0.,0.,1.));
#1681 = DIRECTION('',(1.,1.110223024625E-16,-0.));
#1682 = ORIENTED_EDGE('',*,*,#1683,.F.);
#1683 = EDGE_CURVE('',#1684,#1675,#1686,.T.);
#1684 = VERTEX_POINT('',#1685);
#1685 = CARTESIAN_POINT('',(133.76225552451,-78.35915671831,0.));
#1686 = LINE('',#1687,#1688);
#1687 = CARTESIAN_POINT('',(133.76225552451,-78.35915671831,0.));
#1688 = VECTOR('',#1689,1.);
#1689 = DIRECTION('',(0.,0.,1.));
#1690 = ORIENTED_EDGE('',*,*,#1691,.F.);
#1691 = EDGE_CURVE('',#1665,#1684,#1692,.T.);
#1692 = CIRCLE('',#1693,0.350012700025);
#1693 = AXIS2_PLACEMENT_3D('',#1694,#1695,#1696);
#1694 = CARTESIAN_POINT('',(134.11226822453,-78.35915671831,0.));
#1695 = DIRECTION('',(0.,0.,1.));
#1696 = DIRECTION('',(1.,1.110223024625E-16,-0.));
#1697 = CYLINDRICAL_SURFACE('',#1698,0.350012700025);
#1698 = AXIS2_PLACEMENT_3D('',#1699,#1700,#1701);
#1699 = CARTESIAN_POINT('',(134.11226822453,-78.35915671831,0.));
#1700 = DIRECTION('',(-0.,-0.,-1.));
#1701 = DIRECTION('',(1.,1.110223024625E-16,-0.));
#1702 = ADVANCED_FACE('',(#1703),#1721,.F.);
#1703 = FACE_BOUND('',#1704,.T.);
#1704 = EDGE_LOOP('',(#1705,#1706,#1713,#1714));
#1705 = ORIENTED_EDGE('',*,*,#1683,.T.);
#1706 = ORIENTED_EDGE('',*,*,#1707,.T.);
#1707 = EDGE_CURVE('',#1675,#1667,#1708,.T.);
#1708 = CIRCLE('',#1709,0.350012700025);
#1709 = AXIS2_PLACEMENT_3D('',#1710,#1711,#1712);
#1710 = CARTESIAN_POINT('',(134.11226822453,-78.35915671831,    1.600050800102));
#1711 = DIRECTION('',(0.,0.,1.));
#1712 = DIRECTION('',(-1.,-1.110223024625E-16,0.));
#1713 = ORIENTED_EDGE('',*,*,#1664,.F.);
#1714 = ORIENTED_EDGE('',*,*,#1715,.F.);
#1715 = EDGE_CURVE('',#1684,#1665,#1716,.T.);
#1716 = CIRCLE('',#1717,0.350012700025);
#1717 = AXIS2_PLACEMENT_3D('',#1718,#1719,#1720);
#1718 = CARTESIAN_POINT('',(134.11226822453,-78.35915671831,0.));
#1719 = DIRECTION('',(0.,0.,1.));
#1720 = DIRECTION('',(-1.,-1.110223024625E-16,0.));
#1721 = CYLINDRICAL_SURFACE('',#1722,0.350012700025);
#1722 = AXIS2_PLACEMENT_3D('',#1723,#1724,#1725);
#1723 = CARTESIAN_POINT('',(134.11226822453,-78.35915671831,0.));
#1724 = DIRECTION('',(-0.,-0.,-1.));
#1725 = DIRECTION('',(-1.,-1.110223024625E-16,0.));
#1726 = ADVANCED_FACE('',(#1727),#1763,.F.);
#1727 = FACE_BOUND('',#1728,.T.);
#1728 = EDGE_LOOP('',(#1729,#1739,#1748,#1756));
#1729 = ORIENTED_EDGE('',*,*,#1730,.T.);
#1730 = EDGE_CURVE('',#1731,#1733,#1735,.T.);
#1731 = VERTEX_POINT('',#1732);
#1732 = CARTESIAN_POINT('',(135.47828295656,-53.46710693421,0.));
#1733 = VERTEX_POINT('',#1734);
#1734 = CARTESIAN_POINT('',(135.47828295656,-53.46710693421,    1.600050800102));
#1735 = LINE('',#1736,#1737);
#1736 = CARTESIAN_POINT('',(135.47828295656,-53.46710693421,0.));
#1737 = VECTOR('',#1738,1.);
#1738 = DIRECTION('',(0.,0.,1.));
#1739 = ORIENTED_EDGE('',*,*,#1740,.T.);
#1740 = EDGE_CURVE('',#1733,#1741,#1743,.T.);
#1741 = VERTEX_POINT('',#1742);
#1742 = CARTESIAN_POINT('',(134.77825755651,-53.46710693421,    1.600050800102));
#1743 = CIRCLE('',#1744,0.350012700025);
#1744 = AXIS2_PLACEMENT_3D('',#1745,#1746,#1747);
#1745 = CARTESIAN_POINT('',(135.12827025654,-53.46710693421,    1.600050800102));
#1746 = DIRECTION('',(0.,0.,1.));
#1747 = DIRECTION('',(1.,1.110223024625E-16,-0.));
#1748 = ORIENTED_EDGE('',*,*,#1749,.F.);
#1749 = EDGE_CURVE('',#1750,#1741,#1752,.T.);
#1750 = VERTEX_POINT('',#1751);
#1751 = CARTESIAN_POINT('',(134.77825755651,-53.46710693421,0.));
#1752 = LINE('',#1753,#1754);
#1753 = CARTESIAN_POINT('',(134.77825755651,-53.46710693421,0.));
#1754 = VECTOR('',#1755,1.);
#1755 = DIRECTION('',(0.,0.,1.));
#1756 = ORIENTED_EDGE('',*,*,#1757,.F.);
#1757 = EDGE_CURVE('',#1731,#1750,#1758,.T.);
#1758 = CIRCLE('',#1759,0.350012700025);
#1759 = AXIS2_PLACEMENT_3D('',#1760,#1761,#1762);
#1760 = CARTESIAN_POINT('',(135.12827025654,-53.46710693421,0.));
#1761 = DIRECTION('',(0.,0.,1.));
#1762 = DIRECTION('',(1.,1.110223024625E-16,-0.));
#1763 = CYLINDRICAL_SURFACE('',#1764,0.350012700025);
#1764 = AXIS2_PLACEMENT_3D('',#1765,#1766,#1767);
#1765 = CARTESIAN_POINT('',(135.12827025654,-53.46710693421,0.));
#1766 = DIRECTION('',(-0.,-0.,-1.));
#1767 = DIRECTION('',(1.,1.110223024625E-16,-0.));
#1768 = ADVANCED_FACE('',(#1769),#1787,.F.);
#1769 = FACE_BOUND('',#1770,.T.);
#1770 = EDGE_LOOP('',(#1771,#1772,#1779,#1780));
#1771 = ORIENTED_EDGE('',*,*,#1749,.T.);
#1772 = ORIENTED_EDGE('',*,*,#1773,.T.);
#1773 = EDGE_CURVE('',#1741,#1733,#1774,.T.);
#1774 = CIRCLE('',#1775,0.350012700025);
#1775 = AXIS2_PLACEMENT_3D('',#1776,#1777,#1778);
#1776 = CARTESIAN_POINT('',(135.12827025654,-53.46710693421,    1.600050800102));
#1777 = DIRECTION('',(0.,0.,1.));
#1778 = DIRECTION('',(-1.,-1.110223024625E-16,0.));
#1779 = ORIENTED_EDGE('',*,*,#1730,.F.);
#1780 = ORIENTED_EDGE('',*,*,#1781,.F.);
#1781 = EDGE_CURVE('',#1750,#1731,#1782,.T.);
#1782 = CIRCLE('',#1783,0.350012700025);
#1783 = AXIS2_PLACEMENT_3D('',#1784,#1785,#1786);
#1784 = CARTESIAN_POINT('',(135.12827025654,-53.46710693421,0.));
#1785 = DIRECTION('',(0.,0.,1.));
#1786 = DIRECTION('',(-1.,-1.110223024625E-16,0.));
#1787 = CYLINDRICAL_SURFACE('',#1788,0.350012700025);
#1788 = AXIS2_PLACEMENT_3D('',#1789,#1790,#1791);
#1789 = CARTESIAN_POINT('',(135.12827025654,-53.46710693421,0.));
#1790 = DIRECTION('',(-0.,-0.,-1.));
#1791 = DIRECTION('',(-1.,-1.110223024625E-16,0.));
#1792 = ADVANCED_FACE('',(#1793),#1829,.F.);
#1793 = FACE_BOUND('',#1794,.T.);
#1794 = EDGE_LOOP('',(#1795,#1805,#1814,#1822));
#1795 = ORIENTED_EDGE('',*,*,#1796,.T.);
#1796 = EDGE_CURVE('',#1797,#1799,#1801,.T.);
#1797 = VERTEX_POINT('',#1798);
#1798 = CARTESIAN_POINT('',(135.73228346456,-78.35915671831,0.));
#1799 = VERTEX_POINT('',#1800);
#1800 = CARTESIAN_POINT('',(135.73228346456,-78.35915671831,    1.600050800102));
#1801 = LINE('',#1802,#1803);
#1802 = CARTESIAN_POINT('',(135.73228346456,-78.35915671831,0.));
#1803 = VECTOR('',#1804,1.);
#1804 = DIRECTION('',(0.,0.,1.));
#1805 = ORIENTED_EDGE('',*,*,#1806,.T.);
#1806 = EDGE_CURVE('',#1799,#1807,#1809,.T.);
#1807 = VERTEX_POINT('',#1808);
#1808 = CARTESIAN_POINT('',(135.03225806451,-78.35915671831,    1.600050800102));
#1809 = CIRCLE('',#1810,0.350012700025);
#1810 = AXIS2_PLACEMENT_3D('',#1811,#1812,#1813);
#1811 = CARTESIAN_POINT('',(135.38227076454,-78.35915671831,    1.600050800102));
#1812 = DIRECTION('',(0.,0.,1.));
#1813 = DIRECTION('',(1.,1.110223024625E-16,-0.));
#1814 = ORIENTED_EDGE('',*,*,#1815,.F.);
#1815 = EDGE_CURVE('',#1816,#1807,#1818,.T.);
#1816 = VERTEX_POINT('',#1817);
#1817 = CARTESIAN_POINT('',(135.03225806451,-78.35915671831,0.));
#1818 = LINE('',#1819,#1820);
#1819 = CARTESIAN_POINT('',(135.03225806451,-78.35915671831,0.));
#1820 = VECTOR('',#1821,1.);
#1821 = DIRECTION('',(0.,0.,1.));
#1822 = ORIENTED_EDGE('',*,*,#1823,.F.);
#1823 = EDGE_CURVE('',#1797,#1816,#1824,.T.);
#1824 = CIRCLE('',#1825,0.350012700025);
#1825 = AXIS2_PLACEMENT_3D('',#1826,#1827,#1828);
#1826 = CARTESIAN_POINT('',(135.38227076454,-78.35915671831,0.));
#1827 = DIRECTION('',(0.,0.,1.));
#1828 = DIRECTION('',(1.,1.110223024625E-16,-0.));
#1829 = CYLINDRICAL_SURFACE('',#1830,0.350012700025);
#1830 = AXIS2_PLACEMENT_3D('',#1831,#1832,#1833);
#1831 = CARTESIAN_POINT('',(135.38227076454,-78.35915671831,0.));
#1832 = DIRECTION('',(-0.,-0.,-1.));
#1833 = DIRECTION('',(1.,1.110223024625E-16,-0.));
#1834 = ADVANCED_FACE('',(#1835),#1853,.F.);
#1835 = FACE_BOUND('',#1836,.T.);
#1836 = EDGE_LOOP('',(#1837,#1838,#1845,#1846));
#1837 = ORIENTED_EDGE('',*,*,#1815,.T.);
#1838 = ORIENTED_EDGE('',*,*,#1839,.T.);
#1839 = EDGE_CURVE('',#1807,#1799,#1840,.T.);
#1840 = CIRCLE('',#1841,0.350012700025);
#1841 = AXIS2_PLACEMENT_3D('',#1842,#1843,#1844);
#1842 = CARTESIAN_POINT('',(135.38227076454,-78.35915671831,    1.600050800102));
#1843 = DIRECTION('',(0.,0.,1.));
#1844 = DIRECTION('',(-1.,-1.110223024625E-16,0.));
#1845 = ORIENTED_EDGE('',*,*,#1796,.F.);
#1846 = ORIENTED_EDGE('',*,*,#1847,.F.);
#1847 = EDGE_CURVE('',#1816,#1797,#1848,.T.);
#1848 = CIRCLE('',#1849,0.350012700025);
#1849 = AXIS2_PLACEMENT_3D('',#1850,#1851,#1852);
#1850 = CARTESIAN_POINT('',(135.38227076454,-78.35915671831,0.));
#1851 = DIRECTION('',(0.,0.,1.));
#1852 = DIRECTION('',(-1.,-1.110223024625E-16,0.));
#1853 = CYLINDRICAL_SURFACE('',#1854,0.350012700025);
#1854 = AXIS2_PLACEMENT_3D('',#1855,#1856,#1857);
#1855 = CARTESIAN_POINT('',(135.38227076454,-78.35915671831,0.));
#1856 = DIRECTION('',(-0.,-0.,-1.));
#1857 = DIRECTION('',(-1.,-1.110223024625E-16,0.));
#1858 = ADVANCED_FACE('',(#1859),#1895,.F.);
#1859 = FACE_BOUND('',#1860,.T.);
#1860 = EDGE_LOOP('',(#1861,#1871,#1880,#1888));
#1861 = ORIENTED_EDGE('',*,*,#1862,.T.);
#1862 = EDGE_CURVE('',#1863,#1865,#1867,.T.);
#1863 = VERTEX_POINT('',#1864);
#1864 = CARTESIAN_POINT('',(136.74828549657,-53.46710693421,0.));
#1865 = VERTEX_POINT('',#1866);
#1866 = CARTESIAN_POINT('',(136.74828549657,-53.46710693421,    1.600050800102));
#1867 = LINE('',#1868,#1869);
#1868 = CARTESIAN_POINT('',(136.74828549657,-53.46710693421,0.));
#1869 = VECTOR('',#1870,1.);
#1870 = DIRECTION('',(0.,0.,1.));
#1871 = ORIENTED_EDGE('',*,*,#1872,.T.);
#1872 = EDGE_CURVE('',#1865,#1873,#1875,.T.);
#1873 = VERTEX_POINT('',#1874);
#1874 = CARTESIAN_POINT('',(136.04826009652,-53.46710693421,    1.600050800102));
#1875 = CIRCLE('',#1876,0.350012700025);
#1876 = AXIS2_PLACEMENT_3D('',#1877,#1878,#1879);
#1877 = CARTESIAN_POINT('',(136.39827279654,-53.46710693421,    1.600050800102));
#1878 = DIRECTION('',(0.,0.,1.));
#1879 = DIRECTION('',(1.,1.110223024625E-16,-0.));
#1880 = ORIENTED_EDGE('',*,*,#1881,.F.);
#1881 = EDGE_CURVE('',#1882,#1873,#1884,.T.);
#1882 = VERTEX_POINT('',#1883);
#1883 = CARTESIAN_POINT('',(136.04826009652,-53.46710693421,0.));
#1884 = LINE('',#1885,#1886);
#1885 = CARTESIAN_POINT('',(136.04826009652,-53.46710693421,0.));
#1886 = VECTOR('',#1887,1.);
#1887 = DIRECTION('',(0.,0.,1.));
#1888 = ORIENTED_EDGE('',*,*,#1889,.F.);
#1889 = EDGE_CURVE('',#1863,#1882,#1890,.T.);
#1890 = CIRCLE('',#1891,0.350012700025);
#1891 = AXIS2_PLACEMENT_3D('',#1892,#1893,#1894);
#1892 = CARTESIAN_POINT('',(136.39827279654,-53.46710693421,0.));
#1893 = DIRECTION('',(0.,0.,1.));
#1894 = DIRECTION('',(1.,1.110223024625E-16,-0.));
#1895 = CYLINDRICAL_SURFACE('',#1896,0.350012700025);
#1896 = AXIS2_PLACEMENT_3D('',#1897,#1898,#1899);
#1897 = CARTESIAN_POINT('',(136.39827279654,-53.46710693421,0.));
#1898 = DIRECTION('',(-0.,-0.,-1.));
#1899 = DIRECTION('',(1.,1.110223024625E-16,-0.));
#1900 = ADVANCED_FACE('',(#1901),#1919,.F.);
#1901 = FACE_BOUND('',#1902,.T.);
#1902 = EDGE_LOOP('',(#1903,#1904,#1911,#1912));
#1903 = ORIENTED_EDGE('',*,*,#1881,.T.);
#1904 = ORIENTED_EDGE('',*,*,#1905,.T.);
#1905 = EDGE_CURVE('',#1873,#1865,#1906,.T.);
#1906 = CIRCLE('',#1907,0.350012700025);
#1907 = AXIS2_PLACEMENT_3D('',#1908,#1909,#1910);
#1908 = CARTESIAN_POINT('',(136.39827279654,-53.46710693421,    1.600050800102));
#1909 = DIRECTION('',(0.,0.,1.));
#1910 = DIRECTION('',(-1.,-1.110223024625E-16,0.));
#1911 = ORIENTED_EDGE('',*,*,#1862,.F.);
#1912 = ORIENTED_EDGE('',*,*,#1913,.F.);
#1913 = EDGE_CURVE('',#1882,#1863,#1914,.T.);
#1914 = CIRCLE('',#1915,0.350012700025);
#1915 = AXIS2_PLACEMENT_3D('',#1916,#1917,#1918);
#1916 = CARTESIAN_POINT('',(136.39827279654,-53.46710693421,0.));
#1917 = DIRECTION('',(0.,0.,1.));
#1918 = DIRECTION('',(-1.,-1.110223024625E-16,0.));
#1919 = CYLINDRICAL_SURFACE('',#1920,0.350012700025);
#1920 = AXIS2_PLACEMENT_3D('',#1921,#1922,#1923);
#1921 = CARTESIAN_POINT('',(136.39827279654,-53.46710693421,0.));
#1922 = DIRECTION('',(-0.,-0.,-1.));
#1923 = DIRECTION('',(-1.,-1.110223024625E-16,0.));
#1924 = ADVANCED_FACE('',(#1925),#1961,.F.);
#1925 = FACE_BOUND('',#1926,.T.);
#1926 = EDGE_LOOP('',(#1927,#1937,#1946,#1954));
#1927 = ORIENTED_EDGE('',*,*,#1928,.T.);
#1928 = EDGE_CURVE('',#1929,#1931,#1933,.T.);
#1929 = VERTEX_POINT('',#1930);
#1930 = CARTESIAN_POINT('',(137.00228600457,-78.35915671831,0.));
#1931 = VERTEX_POINT('',#1932);
#1932 = CARTESIAN_POINT('',(137.00228600457,-78.35915671831,    1.600050800102));
#1933 = LINE('',#1934,#1935);
#1934 = CARTESIAN_POINT('',(137.00228600457,-78.35915671831,0.));
#1935 = VECTOR('',#1936,1.);
#1936 = DIRECTION('',(0.,0.,1.));
#1937 = ORIENTED_EDGE('',*,*,#1938,.T.);
#1938 = EDGE_CURVE('',#1931,#1939,#1941,.T.);
#1939 = VERTEX_POINT('',#1940);
#1940 = CARTESIAN_POINT('',(136.30226060452,-78.35915671831,    1.600050800102));
#1941 = CIRCLE('',#1942,0.350012700025);
#1942 = AXIS2_PLACEMENT_3D('',#1943,#1944,#1945);
#1943 = CARTESIAN_POINT('',(136.65227330454,-78.35915671831,    1.600050800102));
#1944 = DIRECTION('',(0.,0.,1.));
#1945 = DIRECTION('',(1.,1.110223024625E-16,-0.));
#1946 = ORIENTED_EDGE('',*,*,#1947,.F.);
#1947 = EDGE_CURVE('',#1948,#1939,#1950,.T.);
#1948 = VERTEX_POINT('',#1949);
#1949 = CARTESIAN_POINT('',(136.30226060452,-78.35915671831,0.));
#1950 = LINE('',#1951,#1952);
#1951 = CARTESIAN_POINT('',(136.30226060452,-78.35915671831,0.));
#1952 = VECTOR('',#1953,1.);
#1953 = DIRECTION('',(0.,0.,1.));
#1954 = ORIENTED_EDGE('',*,*,#1955,.F.);
#1955 = EDGE_CURVE('',#1929,#1948,#1956,.T.);
#1956 = CIRCLE('',#1957,0.350012700025);
#1957 = AXIS2_PLACEMENT_3D('',#1958,#1959,#1960);
#1958 = CARTESIAN_POINT('',(136.65227330454,-78.35915671831,0.));
#1959 = DIRECTION('',(0.,0.,1.));
#1960 = DIRECTION('',(1.,1.110223024625E-16,-0.));
#1961 = CYLINDRICAL_SURFACE('',#1962,0.350012700025);
#1962 = AXIS2_PLACEMENT_3D('',#1963,#1964,#1965);
#1963 = CARTESIAN_POINT('',(136.65227330454,-78.35915671831,0.));
#1964 = DIRECTION('',(-0.,-0.,-1.));
#1965 = DIRECTION('',(1.,1.110223024625E-16,-0.));
#1966 = ADVANCED_FACE('',(#1967),#1985,.F.);
#1967 = FACE_BOUND('',#1968,.T.);
#1968 = EDGE_LOOP('',(#1969,#1970,#1977,#1978));
#1969 = ORIENTED_EDGE('',*,*,#1947,.T.);
#1970 = ORIENTED_EDGE('',*,*,#1971,.T.);
#1971 = EDGE_CURVE('',#1939,#1931,#1972,.T.);
#1972 = CIRCLE('',#1973,0.350012700025);
#1973 = AXIS2_PLACEMENT_3D('',#1974,#1975,#1976);
#1974 = CARTESIAN_POINT('',(136.65227330454,-78.35915671831,    1.600050800102));
#1975 = DIRECTION('',(0.,0.,1.));
#1976 = DIRECTION('',(-1.,-1.110223024625E-16,0.));
#1977 = ORIENTED_EDGE('',*,*,#1928,.F.);
#1978 = ORIENTED_EDGE('',*,*,#1979,.F.);
#1979 = EDGE_CURVE('',#1948,#1929,#1980,.T.);
#1980 = CIRCLE('',#1981,0.350012700025);
#1981 = AXIS2_PLACEMENT_3D('',#1982,#1983,#1984);
#1982 = CARTESIAN_POINT('',(136.65227330454,-78.35915671831,0.));
#1983 = DIRECTION('',(0.,0.,1.));
#1984 = DIRECTION('',(-1.,-1.110223024625E-16,0.));
#1985 = CYLINDRICAL_SURFACE('',#1986,0.350012700025);
#1986 = AXIS2_PLACEMENT_3D('',#1987,#1988,#1989);
#1987 = CARTESIAN_POINT('',(136.65227330454,-78.35915671831,0.));
#1988 = DIRECTION('',(-0.,-0.,-1.));
#1989 = DIRECTION('',(-1.,-1.110223024625E-16,0.));
#1990 = ADVANCED_FACE('',(#1991),#2027,.F.);
#1991 = FACE_BOUND('',#1992,.T.);
#1992 = EDGE_LOOP('',(#1993,#2003,#2012,#2020));
#1993 = ORIENTED_EDGE('',*,*,#1994,.T.);
#1994 = EDGE_CURVE('',#1995,#1997,#1999,.T.);
#1995 = VERTEX_POINT('',#1996);
#1996 = CARTESIAN_POINT('',(138.01828803657,-53.46710693421,0.));
#1997 = VERTEX_POINT('',#1998);
#1998 = CARTESIAN_POINT('',(138.01828803657,-53.46710693421,    1.600050800102));
#1999 = LINE('',#2000,#2001);
#2000 = CARTESIAN_POINT('',(138.01828803657,-53.46710693421,0.));
#2001 = VECTOR('',#2002,1.);
#2002 = DIRECTION('',(0.,0.,1.));
#2003 = ORIENTED_EDGE('',*,*,#2004,.T.);
#2004 = EDGE_CURVE('',#1997,#2005,#2007,.T.);
#2005 = VERTEX_POINT('',#2006);
#2006 = CARTESIAN_POINT('',(137.31826263652,-53.46710693421,    1.600050800102));
#2007 = CIRCLE('',#2008,0.350012700025);
#2008 = AXIS2_PLACEMENT_3D('',#2009,#2010,#2011);
#2009 = CARTESIAN_POINT('',(137.66827533655,-53.46710693421,    1.600050800102));
#2010 = DIRECTION('',(0.,0.,1.));
#2011 = DIRECTION('',(1.,1.110223024625E-16,-0.));
#2012 = ORIENTED_EDGE('',*,*,#2013,.F.);
#2013 = EDGE_CURVE('',#2014,#2005,#2016,.T.);
#2014 = VERTEX_POINT('',#2015);
#2015 = CARTESIAN_POINT('',(137.31826263652,-53.46710693421,0.));
#2016 = LINE('',#2017,#2018);
#2017 = CARTESIAN_POINT('',(137.31826263652,-53.46710693421,0.));
#2018 = VECTOR('',#2019,1.);
#2019 = DIRECTION('',(0.,0.,1.));
#2020 = ORIENTED_EDGE('',*,*,#2021,.F.);
#2021 = EDGE_CURVE('',#1995,#2014,#2022,.T.);
#2022 = CIRCLE('',#2023,0.350012700025);
#2023 = AXIS2_PLACEMENT_3D('',#2024,#2025,#2026);
#2024 = CARTESIAN_POINT('',(137.66827533655,-53.46710693421,0.));
#2025 = DIRECTION('',(0.,0.,1.));
#2026 = DIRECTION('',(1.,1.110223024625E-16,-0.));
#2027 = CYLINDRICAL_SURFACE('',#2028,0.350012700025);
#2028 = AXIS2_PLACEMENT_3D('',#2029,#2030,#2031);
#2029 = CARTESIAN_POINT('',(137.66827533655,-53.46710693421,0.));
#2030 = DIRECTION('',(-0.,-0.,-1.));
#2031 = DIRECTION('',(1.,1.110223024625E-16,-0.));
#2032 = ADVANCED_FACE('',(#2033),#2051,.F.);
#2033 = FACE_BOUND('',#2034,.T.);
#2034 = EDGE_LOOP('',(#2035,#2036,#2043,#2044));
#2035 = ORIENTED_EDGE('',*,*,#2013,.T.);
#2036 = ORIENTED_EDGE('',*,*,#2037,.T.);
#2037 = EDGE_CURVE('',#2005,#1997,#2038,.T.);
#2038 = CIRCLE('',#2039,0.350012700025);
#2039 = AXIS2_PLACEMENT_3D('',#2040,#2041,#2042);
#2040 = CARTESIAN_POINT('',(137.66827533655,-53.46710693421,    1.600050800102));
#2041 = DIRECTION('',(0.,0.,1.));
#2042 = DIRECTION('',(-1.,-1.110223024625E-16,0.));
#2043 = ORIENTED_EDGE('',*,*,#1994,.F.);
#2044 = ORIENTED_EDGE('',*,*,#2045,.F.);
#2045 = EDGE_CURVE('',#2014,#1995,#2046,.T.);
#2046 = CIRCLE('',#2047,0.350012700025);
#2047 = AXIS2_PLACEMENT_3D('',#2048,#2049,#2050);
#2048 = CARTESIAN_POINT('',(137.66827533655,-53.46710693421,0.));
#2049 = DIRECTION('',(0.,0.,1.));
#2050 = DIRECTION('',(-1.,-1.110223024625E-16,0.));
#2051 = CYLINDRICAL_SURFACE('',#2052,0.350012700025);
#2052 = AXIS2_PLACEMENT_3D('',#2053,#2054,#2055);
#2053 = CARTESIAN_POINT('',(137.66827533655,-53.46710693421,0.));
#2054 = DIRECTION('',(-0.,-0.,-1.));
#2055 = DIRECTION('',(-1.,-1.110223024625E-16,0.));
#2056 = ADVANCED_FACE('',(#2057),#2093,.F.);
#2057 = FACE_BOUND('',#2058,.T.);
#2058 = EDGE_LOOP('',(#2059,#2069,#2078,#2086));
#2059 = ORIENTED_EDGE('',*,*,#2060,.T.);
#2060 = EDGE_CURVE('',#2061,#2063,#2065,.T.);
#2061 = VERTEX_POINT('',#2062);
#2062 = CARTESIAN_POINT('',(138.27228854457,-78.35915671831,0.));
#2063 = VERTEX_POINT('',#2064);
#2064 = CARTESIAN_POINT('',(138.27228854457,-78.35915671831,    1.600050800102));
#2065 = LINE('',#2066,#2067);
#2066 = CARTESIAN_POINT('',(138.27228854457,-78.35915671831,0.));
#2067 = VECTOR('',#2068,1.);
#2068 = DIRECTION('',(0.,0.,1.));
#2069 = ORIENTED_EDGE('',*,*,#2070,.T.);
#2070 = EDGE_CURVE('',#2063,#2071,#2073,.T.);
#2071 = VERTEX_POINT('',#2072);
#2072 = CARTESIAN_POINT('',(137.57226314452,-78.35915671831,    1.600050800102));
#2073 = CIRCLE('',#2074,0.350012700025);
#2074 = AXIS2_PLACEMENT_3D('',#2075,#2076,#2077);
#2075 = CARTESIAN_POINT('',(137.92227584455,-78.35915671831,    1.600050800102));
#2076 = DIRECTION('',(0.,0.,1.));
#2077 = DIRECTION('',(1.,1.110223024625E-16,-0.));
#2078 = ORIENTED_EDGE('',*,*,#2079,.F.);
#2079 = EDGE_CURVE('',#2080,#2071,#2082,.T.);
#2080 = VERTEX_POINT('',#2081);
#2081 = CARTESIAN_POINT('',(137.57226314452,-78.35915671831,0.));
#2082 = LINE('',#2083,#2084);
#2083 = CARTESIAN_POINT('',(137.57226314452,-78.35915671831,0.));
#2084 = VECTOR('',#2085,1.);
#2085 = DIRECTION('',(0.,0.,1.));
#2086 = ORIENTED_EDGE('',*,*,#2087,.F.);
#2087 = EDGE_CURVE('',#2061,#2080,#2088,.T.);
#2088 = CIRCLE('',#2089,0.350012700025);
#2089 = AXIS2_PLACEMENT_3D('',#2090,#2091,#2092);
#2090 = CARTESIAN_POINT('',(137.92227584455,-78.35915671831,0.));
#2091 = DIRECTION('',(0.,0.,1.));
#2092 = DIRECTION('',(1.,1.110223024625E-16,-0.));
#2093 = CYLINDRICAL_SURFACE('',#2094,0.350012700025);
#2094 = AXIS2_PLACEMENT_3D('',#2095,#2096,#2097);
#2095 = CARTESIAN_POINT('',(137.92227584455,-78.35915671831,0.));
#2096 = DIRECTION('',(-0.,-0.,-1.));
#2097 = DIRECTION('',(1.,1.110223024625E-16,-0.));
#2098 = ADVANCED_FACE('',(#2099),#2117,.F.);
#2099 = FACE_BOUND('',#2100,.T.);
#2100 = EDGE_LOOP('',(#2101,#2102,#2109,#2110));
#2101 = ORIENTED_EDGE('',*,*,#2079,.T.);
#2102 = ORIENTED_EDGE('',*,*,#2103,.T.);
#2103 = EDGE_CURVE('',#2071,#2063,#2104,.T.);
#2104 = CIRCLE('',#2105,0.350012700025);
#2105 = AXIS2_PLACEMENT_3D('',#2106,#2107,#2108);
#2106 = CARTESIAN_POINT('',(137.92227584455,-78.35915671831,    1.600050800102));
#2107 = DIRECTION('',(0.,0.,1.));
#2108 = DIRECTION('',(-1.,-1.110223024625E-16,0.));
#2109 = ORIENTED_EDGE('',*,*,#2060,.F.);
#2110 = ORIENTED_EDGE('',*,*,#2111,.F.);
#2111 = EDGE_CURVE('',#2080,#2061,#2112,.T.);
#2112 = CIRCLE('',#2113,0.350012700025);
#2113 = AXIS2_PLACEMENT_3D('',#2114,#2115,#2116);
#2114 = CARTESIAN_POINT('',(137.92227584455,-78.35915671831,0.));
#2115 = DIRECTION('',(0.,0.,1.));
#2116 = DIRECTION('',(-1.,-1.110223024625E-16,0.));
#2117 = CYLINDRICAL_SURFACE('',#2118,0.350012700025);
#2118 = AXIS2_PLACEMENT_3D('',#2119,#2120,#2121);
#2119 = CARTESIAN_POINT('',(137.92227584455,-78.35915671831,0.));
#2120 = DIRECTION('',(-0.,-0.,-1.));
#2121 = DIRECTION('',(-1.,-1.110223024625E-16,0.));
#2122 = ADVANCED_FACE('',(#2123),#2159,.F.);
#2123 = FACE_BOUND('',#2124,.T.);
#2124 = EDGE_LOOP('',(#2125,#2135,#2144,#2152));
#2125 = ORIENTED_EDGE('',*,*,#2126,.T.);
#2126 = EDGE_CURVE('',#2127,#2129,#2131,.T.);
#2127 = VERTEX_POINT('',#2128);
#2128 = CARTESIAN_POINT('',(139.28829057658,-53.46710693421,0.));
#2129 = VERTEX_POINT('',#2130);
#2130 = CARTESIAN_POINT('',(139.28829057658,-53.46710693421,    1.600050800102));
#2131 = LINE('',#2132,#2133);
#2132 = CARTESIAN_POINT('',(139.28829057658,-53.46710693421,0.));
#2133 = VECTOR('',#2134,1.);
#2134 = DIRECTION('',(0.,0.,1.));
#2135 = ORIENTED_EDGE('',*,*,#2136,.T.);
#2136 = EDGE_CURVE('',#2129,#2137,#2139,.T.);
#2137 = VERTEX_POINT('',#2138);
#2138 = CARTESIAN_POINT('',(138.58826517653,-53.46710693421,    1.600050800102));
#2139 = CIRCLE('',#2140,0.350012700025);
#2140 = AXIS2_PLACEMENT_3D('',#2141,#2142,#2143);
#2141 = CARTESIAN_POINT('',(138.93827787655,-53.46710693421,    1.600050800102));
#2142 = DIRECTION('',(0.,0.,1.));
#2143 = DIRECTION('',(1.,1.110223024625E-16,-0.));
#2144 = ORIENTED_EDGE('',*,*,#2145,.F.);
#2145 = EDGE_CURVE('',#2146,#2137,#2148,.T.);
#2146 = VERTEX_POINT('',#2147);
#2147 = CARTESIAN_POINT('',(138.58826517653,-53.46710693421,0.));
#2148 = LINE('',#2149,#2150);
#2149 = CARTESIAN_POINT('',(138.58826517653,-53.46710693421,0.));
#2150 = VECTOR('',#2151,1.);
#2151 = DIRECTION('',(0.,0.,1.));
#2152 = ORIENTED_EDGE('',*,*,#2153,.F.);
#2153 = EDGE_CURVE('',#2127,#2146,#2154,.T.);
#2154 = CIRCLE('',#2155,0.350012700025);
#2155 = AXIS2_PLACEMENT_3D('',#2156,#2157,#2158);
#2156 = CARTESIAN_POINT('',(138.93827787655,-53.46710693421,0.));
#2157 = DIRECTION('',(0.,0.,1.));
#2158 = DIRECTION('',(1.,1.110223024625E-16,-0.));
#2159 = CYLINDRICAL_SURFACE('',#2160,0.350012700025);
#2160 = AXIS2_PLACEMENT_3D('',#2161,#2162,#2163);
#2161 = CARTESIAN_POINT('',(138.93827787655,-53.46710693421,0.));
#2162 = DIRECTION('',(-0.,-0.,-1.));
#2163 = DIRECTION('',(1.,1.110223024625E-16,-0.));
#2164 = ADVANCED_FACE('',(#2165),#2183,.F.);
#2165 = FACE_BOUND('',#2166,.T.);
#2166 = EDGE_LOOP('',(#2167,#2168,#2175,#2176));
#2167 = ORIENTED_EDGE('',*,*,#2145,.T.);
#2168 = ORIENTED_EDGE('',*,*,#2169,.T.);
#2169 = EDGE_CURVE('',#2137,#2129,#2170,.T.);
#2170 = CIRCLE('',#2171,0.350012700025);
#2171 = AXIS2_PLACEMENT_3D('',#2172,#2173,#2174);
#2172 = CARTESIAN_POINT('',(138.93827787655,-53.46710693421,    1.600050800102));
#2173 = DIRECTION('',(0.,0.,1.));
#2174 = DIRECTION('',(-1.,-1.110223024625E-16,0.));
#2175 = ORIENTED_EDGE('',*,*,#2126,.F.);
#2176 = ORIENTED_EDGE('',*,*,#2177,.F.);
#2177 = EDGE_CURVE('',#2146,#2127,#2178,.T.);
#2178 = CIRCLE('',#2179,0.350012700025);
#2179 = AXIS2_PLACEMENT_3D('',#2180,#2181,#2182);
#2180 = CARTESIAN_POINT('',(138.93827787655,-53.46710693421,0.));
#2181 = DIRECTION('',(0.,0.,1.));
#2182 = DIRECTION('',(-1.,-1.110223024625E-16,0.));
#2183 = CYLINDRICAL_SURFACE('',#2184,0.350012700025);
#2184 = AXIS2_PLACEMENT_3D('',#2185,#2186,#2187);
#2185 = CARTESIAN_POINT('',(138.93827787655,-53.46710693421,0.));
#2186 = DIRECTION('',(-0.,-0.,-1.));
#2187 = DIRECTION('',(-1.,-1.110223024625E-16,0.));
#2188 = ADVANCED_FACE('',(#2189),#2225,.F.);
#2189 = FACE_BOUND('',#2190,.T.);
#2190 = EDGE_LOOP('',(#2191,#2201,#2210,#2218));
#2191 = ORIENTED_EDGE('',*,*,#2192,.T.);
#2192 = EDGE_CURVE('',#2193,#2195,#2197,.T.);
#2193 = VERTEX_POINT('',#2194);
#2194 = CARTESIAN_POINT('',(139.54229108458,-78.35915671831,0.));
#2195 = VERTEX_POINT('',#2196);
#2196 = CARTESIAN_POINT('',(139.54229108458,-78.35915671831,    1.600050800102));
#2197 = LINE('',#2198,#2199);
#2198 = CARTESIAN_POINT('',(139.54229108458,-78.35915671831,0.));
#2199 = VECTOR('',#2200,1.);
#2200 = DIRECTION('',(0.,0.,1.));
#2201 = ORIENTED_EDGE('',*,*,#2202,.T.);
#2202 = EDGE_CURVE('',#2195,#2203,#2205,.T.);
#2203 = VERTEX_POINT('',#2204);
#2204 = CARTESIAN_POINT('',(138.84226568453,-78.35915671831,    1.600050800102));
#2205 = CIRCLE('',#2206,0.350012700025);
#2206 = AXIS2_PLACEMENT_3D('',#2207,#2208,#2209);
#2207 = CARTESIAN_POINT('',(139.19227838455,-78.35915671831,    1.600050800102));
#2208 = DIRECTION('',(0.,0.,1.));
#2209 = DIRECTION('',(1.,1.110223024625E-16,-0.));
#2210 = ORIENTED_EDGE('',*,*,#2211,.F.);
#2211 = EDGE_CURVE('',#2212,#2203,#2214,.T.);
#2212 = VERTEX_POINT('',#2213);
#2213 = CARTESIAN_POINT('',(138.84226568453,-78.35915671831,0.));
#2214 = LINE('',#2215,#2216);
#2215 = CARTESIAN_POINT('',(138.84226568453,-78.35915671831,0.));
#2216 = VECTOR('',#2217,1.);
#2217 = DIRECTION('',(0.,0.,1.));
#2218 = ORIENTED_EDGE('',*,*,#2219,.F.);
#2219 = EDGE_CURVE('',#2193,#2212,#2220,.T.);
#2220 = CIRCLE('',#2221,0.350012700025);
#2221 = AXIS2_PLACEMENT_3D('',#2222,#2223,#2224);
#2222 = CARTESIAN_POINT('',(139.19227838455,-78.35915671831,0.));
#2223 = DIRECTION('',(0.,0.,1.));
#2224 = DIRECTION('',(1.,1.110223024625E-16,-0.));
#2225 = CYLINDRICAL_SURFACE('',#2226,0.350012700025);
#2226 = AXIS2_PLACEMENT_3D('',#2227,#2228,#2229);
#2227 = CARTESIAN_POINT('',(139.19227838455,-78.35915671831,0.));
#2228 = DIRECTION('',(-0.,-0.,-1.));
#2229 = DIRECTION('',(1.,1.110223024625E-16,-0.));
#2230 = ADVANCED_FACE('',(#2231),#2249,.F.);
#2231 = FACE_BOUND('',#2232,.T.);
#2232 = EDGE_LOOP('',(#2233,#2234,#2241,#2242));
#2233 = ORIENTED_EDGE('',*,*,#2211,.T.);
#2234 = ORIENTED_EDGE('',*,*,#2235,.T.);
#2235 = EDGE_CURVE('',#2203,#2195,#2236,.T.);
#2236 = CIRCLE('',#2237,0.350012700025);
#2237 = AXIS2_PLACEMENT_3D('',#2238,#2239,#2240);
#2238 = CARTESIAN_POINT('',(139.19227838455,-78.35915671831,    1.600050800102));
#2239 = DIRECTION('',(0.,0.,1.));
#2240 = DIRECTION('',(-1.,-1.110223024625E-16,0.));
#2241 = ORIENTED_EDGE('',*,*,#2192,.F.);
#2242 = ORIENTED_EDGE('',*,*,#2243,.F.);
#2243 = EDGE_CURVE('',#2212,#2193,#2244,.T.);
#2244 = CIRCLE('',#2245,0.350012700025);
#2245 = AXIS2_PLACEMENT_3D('',#2246,#2247,#2248);
#2246 = CARTESIAN_POINT('',(139.19227838455,-78.35915671831,0.));
#2247 = DIRECTION('',(0.,0.,1.));
#2248 = DIRECTION('',(-1.,-1.110223024625E-16,0.));
#2249 = CYLINDRICAL_SURFACE('',#2250,0.350012700025);
#2250 = AXIS2_PLACEMENT_3D('',#2251,#2252,#2253);
#2251 = CARTESIAN_POINT('',(139.19227838455,-78.35915671831,0.));
#2252 = DIRECTION('',(-0.,-0.,-1.));
#2253 = DIRECTION('',(-1.,-1.110223024625E-16,0.));
#2254 = ADVANCED_FACE('',(#2255),#2291,.F.);
#2255 = FACE_BOUND('',#2256,.T.);
#2256 = EDGE_LOOP('',(#2257,#2267,#2276,#2284));
#2257 = ORIENTED_EDGE('',*,*,#2258,.T.);
#2258 = EDGE_CURVE('',#2259,#2261,#2263,.T.);
#2259 = VERTEX_POINT('',#2260);
#2260 = CARTESIAN_POINT('',(140.55829311658,-53.46710693421,0.));
#2261 = VERTEX_POINT('',#2262);
#2262 = CARTESIAN_POINT('',(140.55829311658,-53.46710693421,    1.600050800102));
#2263 = LINE('',#2264,#2265);
#2264 = CARTESIAN_POINT('',(140.55829311658,-53.46710693421,0.));
#2265 = VECTOR('',#2266,1.);
#2266 = DIRECTION('',(0.,0.,1.));
#2267 = ORIENTED_EDGE('',*,*,#2268,.T.);
#2268 = EDGE_CURVE('',#2261,#2269,#2271,.T.);
#2269 = VERTEX_POINT('',#2270);
#2270 = CARTESIAN_POINT('',(139.85826771653,-53.46710693421,    1.600050800102));
#2271 = CIRCLE('',#2272,0.350012700025);
#2272 = AXIS2_PLACEMENT_3D('',#2273,#2274,#2275);
#2273 = CARTESIAN_POINT('',(140.20828041656,-53.46710693421,    1.600050800102));
#2274 = DIRECTION('',(0.,0.,1.));
#2275 = DIRECTION('',(1.,1.110223024625E-16,-0.));
#2276 = ORIENTED_EDGE('',*,*,#2277,.F.);
#2277 = EDGE_CURVE('',#2278,#2269,#2280,.T.);
#2278 = VERTEX_POINT('',#2279);
#2279 = CARTESIAN_POINT('',(139.85826771653,-53.46710693421,0.));
#2280 = LINE('',#2281,#2282);
#2281 = CARTESIAN_POINT('',(139.85826771653,-53.46710693421,0.));
#2282 = VECTOR('',#2283,1.);
#2283 = DIRECTION('',(0.,0.,1.));
#2284 = ORIENTED_EDGE('',*,*,#2285,.F.);
#2285 = EDGE_CURVE('',#2259,#2278,#2286,.T.);
#2286 = CIRCLE('',#2287,0.350012700025);
#2287 = AXIS2_PLACEMENT_3D('',#2288,#2289,#2290);
#2288 = CARTESIAN_POINT('',(140.20828041656,-53.46710693421,0.));
#2289 = DIRECTION('',(0.,0.,1.));
#2290 = DIRECTION('',(1.,1.110223024625E-16,-0.));
#2291 = CYLINDRICAL_SURFACE('',#2292,0.350012700025);
#2292 = AXIS2_PLACEMENT_3D('',#2293,#2294,#2295);
#2293 = CARTESIAN_POINT('',(140.20828041656,-53.46710693421,0.));
#2294 = DIRECTION('',(-0.,-0.,-1.));
#2295 = DIRECTION('',(1.,1.110223024625E-16,-0.));
#2296 = ADVANCED_FACE('',(#2297),#2315,.F.);
#2297 = FACE_BOUND('',#2298,.T.);
#2298 = EDGE_LOOP('',(#2299,#2300,#2307,#2308));
#2299 = ORIENTED_EDGE('',*,*,#2277,.T.);
#2300 = ORIENTED_EDGE('',*,*,#2301,.T.);
#2301 = EDGE_CURVE('',#2269,#2261,#2302,.T.);
#2302 = CIRCLE('',#2303,0.350012700025);
#2303 = AXIS2_PLACEMENT_3D('',#2304,#2305,#2306);
#2304 = CARTESIAN_POINT('',(140.20828041656,-53.46710693421,    1.600050800102));
#2305 = DIRECTION('',(0.,0.,1.));
#2306 = DIRECTION('',(-1.,-1.110223024625E-16,0.));
#2307 = ORIENTED_EDGE('',*,*,#2258,.F.);
#2308 = ORIENTED_EDGE('',*,*,#2309,.F.);
#2309 = EDGE_CURVE('',#2278,#2259,#2310,.T.);
#2310 = CIRCLE('',#2311,0.350012700025);
#2311 = AXIS2_PLACEMENT_3D('',#2312,#2313,#2314);
#2312 = CARTESIAN_POINT('',(140.20828041656,-53.46710693421,0.));
#2313 = DIRECTION('',(0.,0.,1.));
#2314 = DIRECTION('',(-1.,-1.110223024625E-16,0.));
#2315 = CYLINDRICAL_SURFACE('',#2316,0.350012700025);
#2316 = AXIS2_PLACEMENT_3D('',#2317,#2318,#2319);
#2317 = CARTESIAN_POINT('',(140.20828041656,-53.46710693421,0.));
#2318 = DIRECTION('',(-0.,-0.,-1.));
#2319 = DIRECTION('',(-1.,-1.110223024625E-16,0.));
#2320 = ADVANCED_FACE('',(#2321),#2357,.F.);
#2321 = FACE_BOUND('',#2322,.T.);
#2322 = EDGE_LOOP('',(#2323,#2333,#2342,#2350));
#2323 = ORIENTED_EDGE('',*,*,#2324,.T.);
#2324 = EDGE_CURVE('',#2325,#2327,#2329,.T.);
#2325 = VERTEX_POINT('',#2326);
#2326 = CARTESIAN_POINT('',(140.81229362458,-78.35915671831,0.));
#2327 = VERTEX_POINT('',#2328);
#2328 = CARTESIAN_POINT('',(140.81229362458,-78.35915671831,    1.600050800102));
#2329 = LINE('',#2330,#2331);
#2330 = CARTESIAN_POINT('',(140.81229362458,-78.35915671831,0.));
#2331 = VECTOR('',#2332,1.);
#2332 = DIRECTION('',(0.,0.,1.));
#2333 = ORIENTED_EDGE('',*,*,#2334,.T.);
#2334 = EDGE_CURVE('',#2327,#2335,#2337,.T.);
#2335 = VERTEX_POINT('',#2336);
#2336 = CARTESIAN_POINT('',(140.11226822453,-78.35915671831,    1.600050800102));
#2337 = CIRCLE('',#2338,0.350012700025);
#2338 = AXIS2_PLACEMENT_3D('',#2339,#2340,#2341);
#2339 = CARTESIAN_POINT('',(140.46228092456,-78.35915671831,    1.600050800102));
#2340 = DIRECTION('',(0.,0.,1.));
#2341 = DIRECTION('',(1.,1.110223024625E-16,-0.));
#2342 = ORIENTED_EDGE('',*,*,#2343,.F.);
#2343 = EDGE_CURVE('',#2344,#2335,#2346,.T.);
#2344 = VERTEX_POINT('',#2345);
#2345 = CARTESIAN_POINT('',(140.11226822453,-78.35915671831,0.));
#2346 = LINE('',#2347,#2348);
#2347 = CARTESIAN_POINT('',(140.11226822453,-78.35915671831,0.));
#2348 = VECTOR('',#2349,1.);
#2349 = DIRECTION('',(0.,0.,1.));
#2350 = ORIENTED_EDGE('',*,*,#2351,.F.);
#2351 = EDGE_CURVE('',#2325,#2344,#2352,.T.);
#2352 = CIRCLE('',#2353,0.350012700025);
#2353 = AXIS2_PLACEMENT_3D('',#2354,#2355,#2356);
#2354 = CARTESIAN_POINT('',(140.46228092456,-78.35915671831,0.));
#2355 = DIRECTION('',(0.,0.,1.));
#2356 = DIRECTION('',(1.,1.110223024625E-16,-0.));
#2357 = CYLINDRICAL_SURFACE('',#2358,0.350012700025);
#2358 = AXIS2_PLACEMENT_3D('',#2359,#2360,#2361);
#2359 = CARTESIAN_POINT('',(140.46228092456,-78.35915671831,0.));
#2360 = DIRECTION('',(-0.,-0.,-1.));
#2361 = DIRECTION('',(1.,1.110223024625E-16,-0.));
#2362 = ADVANCED_FACE('',(#2363),#2381,.F.);
#2363 = FACE_BOUND('',#2364,.T.);
#2364 = EDGE_LOOP('',(#2365,#2366,#2373,#2374));
#2365 = ORIENTED_EDGE('',*,*,#2343,.T.);
#2366 = ORIENTED_EDGE('',*,*,#2367,.T.);
#2367 = EDGE_CURVE('',#2335,#2327,#2368,.T.);
#2368 = CIRCLE('',#2369,0.350012700025);
#2369 = AXIS2_PLACEMENT_3D('',#2370,#2371,#2372);
#2370 = CARTESIAN_POINT('',(140.46228092456,-78.35915671831,    1.600050800102));
#2371 = DIRECTION('',(0.,0.,1.));
#2372 = DIRECTION('',(-1.,-1.110223024625E-16,0.));
#2373 = ORIENTED_EDGE('',*,*,#2324,.F.);
#2374 = ORIENTED_EDGE('',*,*,#2375,.F.);
#2375 = EDGE_CURVE('',#2344,#2325,#2376,.T.);
#2376 = CIRCLE('',#2377,0.350012700025);
#2377 = AXIS2_PLACEMENT_3D('',#2378,#2379,#2380);
#2378 = CARTESIAN_POINT('',(140.46228092456,-78.35915671831,0.));
#2379 = DIRECTION('',(0.,0.,1.));
#2380 = DIRECTION('',(-1.,-1.110223024625E-16,0.));
#2381 = CYLINDRICAL_SURFACE('',#2382,0.350012700025);
#2382 = AXIS2_PLACEMENT_3D('',#2383,#2384,#2385);
#2383 = CARTESIAN_POINT('',(140.46228092456,-78.35915671831,0.));
#2384 = DIRECTION('',(-0.,-0.,-1.));
#2385 = DIRECTION('',(-1.,-1.110223024625E-16,0.));
#2386 = ADVANCED_FACE('',(#2387),#2423,.F.);
#2387 = FACE_BOUND('',#2388,.T.);
#2388 = EDGE_LOOP('',(#2389,#2399,#2408,#2416));
#2389 = ORIENTED_EDGE('',*,*,#2390,.T.);
#2390 = EDGE_CURVE('',#2391,#2393,#2395,.T.);
#2391 = VERTEX_POINT('',#2392);
#2392 = CARTESIAN_POINT('',(141.82829565659,-53.46710693421,0.));
#2393 = VERTEX_POINT('',#2394);
#2394 = CARTESIAN_POINT('',(141.82829565659,-53.46710693421,    1.600050800102));
#2395 = LINE('',#2396,#2397);
#2396 = CARTESIAN_POINT('',(141.82829565659,-53.46710693421,0.));
#2397 = VECTOR('',#2398,1.);
#2398 = DIRECTION('',(0.,0.,1.));
#2399 = ORIENTED_EDGE('',*,*,#2400,.T.);
#2400 = EDGE_CURVE('',#2393,#2401,#2403,.T.);
#2401 = VERTEX_POINT('',#2402);
#2402 = CARTESIAN_POINT('',(141.12827025654,-53.46710693421,    1.600050800102));
#2403 = CIRCLE('',#2404,0.350012700025);
#2404 = AXIS2_PLACEMENT_3D('',#2405,#2406,#2407);
#2405 = CARTESIAN_POINT('',(141.47828295656,-53.46710693421,    1.600050800102));
#2406 = DIRECTION('',(0.,0.,1.));
#2407 = DIRECTION('',(1.,1.110223024625E-16,-0.));
#2408 = ORIENTED_EDGE('',*,*,#2409,.F.);
#2409 = EDGE_CURVE('',#2410,#2401,#2412,.T.);
#2410 = VERTEX_POINT('',#2411);
#2411 = CARTESIAN_POINT('',(141.12827025654,-53.46710693421,0.));
#2412 = LINE('',#2413,#2414);
#2413 = CARTESIAN_POINT('',(141.12827025654,-53.46710693421,0.));
#2414 = VECTOR('',#2415,1.);
#2415 = DIRECTION('',(0.,0.,1.));
#2416 = ORIENTED_EDGE('',*,*,#2417,.F.);
#2417 = EDGE_CURVE('',#2391,#2410,#2418,.T.);
#2418 = CIRCLE('',#2419,0.350012700025);
#2419 = AXIS2_PLACEMENT_3D('',#2420,#2421,#2422);
#2420 = CARTESIAN_POINT('',(141.47828295656,-53.46710693421,0.));
#2421 = DIRECTION('',(0.,0.,1.));
#2422 = DIRECTION('',(1.,1.110223024625E-16,-0.));
#2423 = CYLINDRICAL_SURFACE('',#2424,0.350012700025);
#2424 = AXIS2_PLACEMENT_3D('',#2425,#2426,#2427);
#2425 = CARTESIAN_POINT('',(141.47828295656,-53.46710693421,0.));
#2426 = DIRECTION('',(-0.,-0.,-1.));
#2427 = DIRECTION('',(1.,1.110223024625E-16,-0.));
#2428 = ADVANCED_FACE('',(#2429),#2447,.F.);
#2429 = FACE_BOUND('',#2430,.T.);
#2430 = EDGE_LOOP('',(#2431,#2432,#2439,#2440));
#2431 = ORIENTED_EDGE('',*,*,#2409,.T.);
#2432 = ORIENTED_EDGE('',*,*,#2433,.T.);
#2433 = EDGE_CURVE('',#2401,#2393,#2434,.T.);
#2434 = CIRCLE('',#2435,0.350012700025);
#2435 = AXIS2_PLACEMENT_3D('',#2436,#2437,#2438);
#2436 = CARTESIAN_POINT('',(141.47828295656,-53.46710693421,    1.600050800102));
#2437 = DIRECTION('',(0.,0.,1.));
#2438 = DIRECTION('',(-1.,-1.110223024625E-16,0.));
#2439 = ORIENTED_EDGE('',*,*,#2390,.F.);
#2440 = ORIENTED_EDGE('',*,*,#2441,.F.);
#2441 = EDGE_CURVE('',#2410,#2391,#2442,.T.);
#2442 = CIRCLE('',#2443,0.350012700025);
#2443 = AXIS2_PLACEMENT_3D('',#2444,#2445,#2446);
#2444 = CARTESIAN_POINT('',(141.47828295656,-53.46710693421,0.));
#2445 = DIRECTION('',(0.,0.,1.));
#2446 = DIRECTION('',(-1.,-1.110223024625E-16,0.));
#2447 = CYLINDRICAL_SURFACE('',#2448,0.350012700025);
#2448 = AXIS2_PLACEMENT_3D('',#2449,#2450,#2451);
#2449 = CARTESIAN_POINT('',(141.47828295656,-53.46710693421,0.));
#2450 = DIRECTION('',(-0.,-0.,-1.));
#2451 = DIRECTION('',(-1.,-1.110223024625E-16,0.));
#2452 = ADVANCED_FACE('',(#2453),#2489,.F.);
#2453 = FACE_BOUND('',#2454,.T.);
#2454 = EDGE_LOOP('',(#2455,#2465,#2474,#2482));
#2455 = ORIENTED_EDGE('',*,*,#2456,.T.);
#2456 = EDGE_CURVE('',#2457,#2459,#2461,.T.);
#2457 = VERTEX_POINT('',#2458);
#2458 = CARTESIAN_POINT('',(142.08229616459,-78.35915671831,0.));
#2459 = VERTEX_POINT('',#2460);
#2460 = CARTESIAN_POINT('',(142.08229616459,-78.35915671831,    1.600050800102));
#2461 = LINE('',#2462,#2463);
#2462 = CARTESIAN_POINT('',(142.08229616459,-78.35915671831,0.));
#2463 = VECTOR('',#2464,1.);
#2464 = DIRECTION('',(0.,0.,1.));
#2465 = ORIENTED_EDGE('',*,*,#2466,.T.);
#2466 = EDGE_CURVE('',#2459,#2467,#2469,.T.);
#2467 = VERTEX_POINT('',#2468);
#2468 = CARTESIAN_POINT('',(141.38227076454,-78.35915671831,    1.600050800102));
#2469 = CIRCLE('',#2470,0.350012700025);
#2470 = AXIS2_PLACEMENT_3D('',#2471,#2472,#2473);
#2471 = CARTESIAN_POINT('',(141.73228346456,-78.35915671831,    1.600050800102));
#2472 = DIRECTION('',(0.,0.,1.));
#2473 = DIRECTION('',(1.,1.110223024625E-16,-0.));
#2474 = ORIENTED_EDGE('',*,*,#2475,.F.);
#2475 = EDGE_CURVE('',#2476,#2467,#2478,.T.);
#2476 = VERTEX_POINT('',#2477);
#2477 = CARTESIAN_POINT('',(141.38227076454,-78.35915671831,0.));
#2478 = LINE('',#2479,#2480);
#2479 = CARTESIAN_POINT('',(141.38227076454,-78.35915671831,0.));
#2480 = VECTOR('',#2481,1.);
#2481 = DIRECTION('',(0.,0.,1.));
#2482 = ORIENTED_EDGE('',*,*,#2483,.F.);
#2483 = EDGE_CURVE('',#2457,#2476,#2484,.T.);
#2484 = CIRCLE('',#2485,0.350012700025);
#2485 = AXIS2_PLACEMENT_3D('',#2486,#2487,#2488);
#2486 = CARTESIAN_POINT('',(141.73228346456,-78.35915671831,0.));
#2487 = DIRECTION('',(0.,0.,1.));
#2488 = DIRECTION('',(1.,1.110223024625E-16,-0.));
#2489 = CYLINDRICAL_SURFACE('',#2490,0.350012700025);
#2490 = AXIS2_PLACEMENT_3D('',#2491,#2492,#2493);
#2491 = CARTESIAN_POINT('',(141.73228346456,-78.35915671831,0.));
#2492 = DIRECTION('',(-0.,-0.,-1.));
#2493 = DIRECTION('',(1.,1.110223024625E-16,-0.));
#2494 = ADVANCED_FACE('',(#2495),#2513,.F.);
#2495 = FACE_BOUND('',#2496,.T.);
#2496 = EDGE_LOOP('',(#2497,#2498,#2505,#2506));
#2497 = ORIENTED_EDGE('',*,*,#2475,.T.);
#2498 = ORIENTED_EDGE('',*,*,#2499,.T.);
#2499 = EDGE_CURVE('',#2467,#2459,#2500,.T.);
#2500 = CIRCLE('',#2501,0.350012700025);
#2501 = AXIS2_PLACEMENT_3D('',#2502,#2503,#2504);
#2502 = CARTESIAN_POINT('',(141.73228346456,-78.35915671831,    1.600050800102));
#2503 = DIRECTION('',(0.,0.,1.));
#2504 = DIRECTION('',(-1.,-1.110223024625E-16,0.));
#2505 = ORIENTED_EDGE('',*,*,#2456,.F.);
#2506 = ORIENTED_EDGE('',*,*,#2507,.F.);
#2507 = EDGE_CURVE('',#2476,#2457,#2508,.T.);
#2508 = CIRCLE('',#2509,0.350012700025);
#2509 = AXIS2_PLACEMENT_3D('',#2510,#2511,#2512);
#2510 = CARTESIAN_POINT('',(141.73228346456,-78.35915671831,0.));
#2511 = DIRECTION('',(0.,0.,1.));
#2512 = DIRECTION('',(-1.,-1.110223024625E-16,0.));
#2513 = CYLINDRICAL_SURFACE('',#2514,0.350012700025);
#2514 = AXIS2_PLACEMENT_3D('',#2515,#2516,#2517);
#2515 = CARTESIAN_POINT('',(141.73228346456,-78.35915671831,0.));
#2516 = DIRECTION('',(-0.,-0.,-1.));
#2517 = DIRECTION('',(-1.,-1.110223024625E-16,0.));
#2518 = ADVANCED_FACE('',(#2519),#2555,.F.);
#2519 = FACE_BOUND('',#2520,.T.);
#2520 = EDGE_LOOP('',(#2521,#2531,#2540,#2548));
#2521 = ORIENTED_EDGE('',*,*,#2522,.T.);
#2522 = EDGE_CURVE('',#2523,#2525,#2527,.T.);
#2523 = VERTEX_POINT('',#2524);
#2524 = CARTESIAN_POINT('',(143.09829819659,-53.46710693421,0.));
#2525 = VERTEX_POINT('',#2526);
#2526 = CARTESIAN_POINT('',(143.09829819659,-53.46710693421,    1.600050800102));
#2527 = LINE('',#2528,#2529);
#2528 = CARTESIAN_POINT('',(143.09829819659,-53.46710693421,0.));
#2529 = VECTOR('',#2530,1.);
#2530 = DIRECTION('',(0.,0.,1.));
#2531 = ORIENTED_EDGE('',*,*,#2532,.T.);
#2532 = EDGE_CURVE('',#2525,#2533,#2535,.T.);
#2533 = VERTEX_POINT('',#2534);
#2534 = CARTESIAN_POINT('',(142.39827279654,-53.46710693421,    1.600050800102));
#2535 = CIRCLE('',#2536,0.350012700025);
#2536 = AXIS2_PLACEMENT_3D('',#2537,#2538,#2539);
#2537 = CARTESIAN_POINT('',(142.74828549657,-53.46710693421,    1.600050800102));
#2538 = DIRECTION('',(0.,0.,1.));
#2539 = DIRECTION('',(1.,1.110223024625E-16,-0.));
#2540 = ORIENTED_EDGE('',*,*,#2541,.F.);
#2541 = EDGE_CURVE('',#2542,#2533,#2544,.T.);
#2542 = VERTEX_POINT('',#2543);
#2543 = CARTESIAN_POINT('',(142.39827279654,-53.46710693421,0.));
#2544 = LINE('',#2545,#2546);
#2545 = CARTESIAN_POINT('',(142.39827279654,-53.46710693421,0.));
#2546 = VECTOR('',#2547,1.);
#2547 = DIRECTION('',(0.,0.,1.));
#2548 = ORIENTED_EDGE('',*,*,#2549,.F.);
#2549 = EDGE_CURVE('',#2523,#2542,#2550,.T.);
#2550 = CIRCLE('',#2551,0.350012700025);
#2551 = AXIS2_PLACEMENT_3D('',#2552,#2553,#2554);
#2552 = CARTESIAN_POINT('',(142.74828549657,-53.46710693421,0.));
#2553 = DIRECTION('',(0.,0.,1.));
#2554 = DIRECTION('',(1.,1.110223024625E-16,-0.));
#2555 = CYLINDRICAL_SURFACE('',#2556,0.350012700025);
#2556 = AXIS2_PLACEMENT_3D('',#2557,#2558,#2559);
#2557 = CARTESIAN_POINT('',(142.74828549657,-53.46710693421,0.));
#2558 = DIRECTION('',(-0.,-0.,-1.));
#2559 = DIRECTION('',(1.,1.110223024625E-16,-0.));
#2560 = ADVANCED_FACE('',(#2561),#2579,.F.);
#2561 = FACE_BOUND('',#2562,.T.);
#2562 = EDGE_LOOP('',(#2563,#2564,#2571,#2572));
#2563 = ORIENTED_EDGE('',*,*,#2541,.T.);
#2564 = ORIENTED_EDGE('',*,*,#2565,.T.);
#2565 = EDGE_CURVE('',#2533,#2525,#2566,.T.);
#2566 = CIRCLE('',#2567,0.350012700025);
#2567 = AXIS2_PLACEMENT_3D('',#2568,#2569,#2570);
#2568 = CARTESIAN_POINT('',(142.74828549657,-53.46710693421,    1.600050800102));
#2569 = DIRECTION('',(0.,0.,1.));
#2570 = DIRECTION('',(-1.,-1.110223024625E-16,0.));
#2571 = ORIENTED_EDGE('',*,*,#2522,.F.);
#2572 = ORIENTED_EDGE('',*,*,#2573,.F.);
#2573 = EDGE_CURVE('',#2542,#2523,#2574,.T.);
#2574 = CIRCLE('',#2575,0.350012700025);
#2575 = AXIS2_PLACEMENT_3D('',#2576,#2577,#2578);
#2576 = CARTESIAN_POINT('',(142.74828549657,-53.46710693421,0.));
#2577 = DIRECTION('',(0.,0.,1.));
#2578 = DIRECTION('',(-1.,-1.110223024625E-16,0.));
#2579 = CYLINDRICAL_SURFACE('',#2580,0.350012700025);
#2580 = AXIS2_PLACEMENT_3D('',#2581,#2582,#2583);
#2581 = CARTESIAN_POINT('',(142.74828549657,-53.46710693421,0.));
#2582 = DIRECTION('',(-0.,-0.,-1.));
#2583 = DIRECTION('',(-1.,-1.110223024625E-16,0.));
#2584 = ADVANCED_FACE('',(#2585),#2621,.F.);
#2585 = FACE_BOUND('',#2586,.T.);
#2586 = EDGE_LOOP('',(#2587,#2597,#2606,#2614));
#2587 = ORIENTED_EDGE('',*,*,#2588,.T.);
#2588 = EDGE_CURVE('',#2589,#2591,#2593,.T.);
#2589 = VERTEX_POINT('',#2590);
#2590 = CARTESIAN_POINT('',(143.35229870459,-78.35915671831,0.));
#2591 = VERTEX_POINT('',#2592);
#2592 = CARTESIAN_POINT('',(143.35229870459,-78.35915671831,    1.600050800102));
#2593 = LINE('',#2594,#2595);
#2594 = CARTESIAN_POINT('',(143.35229870459,-78.35915671831,0.));
#2595 = VECTOR('',#2596,1.);
#2596 = DIRECTION('',(0.,0.,1.));
#2597 = ORIENTED_EDGE('',*,*,#2598,.T.);
#2598 = EDGE_CURVE('',#2591,#2599,#2601,.T.);
#2599 = VERTEX_POINT('',#2600);
#2600 = CARTESIAN_POINT('',(142.65227330454,-78.35915671831,    1.600050800102));
#2601 = CIRCLE('',#2602,0.350012700025);
#2602 = AXIS2_PLACEMENT_3D('',#2603,#2604,#2605);
#2603 = CARTESIAN_POINT('',(143.00228600457,-78.35915671831,    1.600050800102));
#2604 = DIRECTION('',(0.,0.,1.));
#2605 = DIRECTION('',(1.,1.110223024625E-16,-0.));
#2606 = ORIENTED_EDGE('',*,*,#2607,.F.);
#2607 = EDGE_CURVE('',#2608,#2599,#2610,.T.);
#2608 = VERTEX_POINT('',#2609);
#2609 = CARTESIAN_POINT('',(142.65227330454,-78.35915671831,0.));
#2610 = LINE('',#2611,#2612);
#2611 = CARTESIAN_POINT('',(142.65227330454,-78.35915671831,0.));
#2612 = VECTOR('',#2613,1.);
#2613 = DIRECTION('',(0.,0.,1.));
#2614 = ORIENTED_EDGE('',*,*,#2615,.F.);
#2615 = EDGE_CURVE('',#2589,#2608,#2616,.T.);
#2616 = CIRCLE('',#2617,0.350012700025);
#2617 = AXIS2_PLACEMENT_3D('',#2618,#2619,#2620);
#2618 = CARTESIAN_POINT('',(143.00228600457,-78.35915671831,0.));
#2619 = DIRECTION('',(0.,0.,1.));
#2620 = DIRECTION('',(1.,1.110223024625E-16,-0.));
#2621 = CYLINDRICAL_SURFACE('',#2622,0.350012700025);
#2622 = AXIS2_PLACEMENT_3D('',#2623,#2624,#2625);
#2623 = CARTESIAN_POINT('',(143.00228600457,-78.35915671831,0.));
#2624 = DIRECTION('',(-0.,-0.,-1.));
#2625 = DIRECTION('',(1.,1.110223024625E-16,-0.));
#2626 = ADVANCED_FACE('',(#2627),#2645,.F.);
#2627 = FACE_BOUND('',#2628,.T.);
#2628 = EDGE_LOOP('',(#2629,#2630,#2637,#2638));
#2629 = ORIENTED_EDGE('',*,*,#2607,.T.);
#2630 = ORIENTED_EDGE('',*,*,#2631,.T.);
#2631 = EDGE_CURVE('',#2599,#2591,#2632,.T.);
#2632 = CIRCLE('',#2633,0.350012700025);
#2633 = AXIS2_PLACEMENT_3D('',#2634,#2635,#2636);
#2634 = CARTESIAN_POINT('',(143.00228600457,-78.35915671831,    1.600050800102));
#2635 = DIRECTION('',(0.,0.,1.));
#2636 = DIRECTION('',(-1.,-1.110223024625E-16,0.));
#2637 = ORIENTED_EDGE('',*,*,#2588,.F.);
#2638 = ORIENTED_EDGE('',*,*,#2639,.F.);
#2639 = EDGE_CURVE('',#2608,#2589,#2640,.T.);
#2640 = CIRCLE('',#2641,0.350012700025);
#2641 = AXIS2_PLACEMENT_3D('',#2642,#2643,#2644);
#2642 = CARTESIAN_POINT('',(143.00228600457,-78.35915671831,0.));
#2643 = DIRECTION('',(0.,0.,1.));
#2644 = DIRECTION('',(-1.,-1.110223024625E-16,0.));
#2645 = CYLINDRICAL_SURFACE('',#2646,0.350012700025);
#2646 = AXIS2_PLACEMENT_3D('',#2647,#2648,#2649);
#2647 = CARTESIAN_POINT('',(143.00228600457,-78.35915671831,0.));
#2648 = DIRECTION('',(-0.,-0.,-1.));
#2649 = DIRECTION('',(-1.,-1.110223024625E-16,0.));
#2650 = ADVANCED_FACE('',(#2651),#2687,.F.);
#2651 = FACE_BOUND('',#2652,.T.);
#2652 = EDGE_LOOP('',(#2653,#2663,#2672,#2680));
#2653 = ORIENTED_EDGE('',*,*,#2654,.T.);
#2654 = EDGE_CURVE('',#2655,#2657,#2659,.T.);
#2655 = VERTEX_POINT('',#2656);
#2656 = CARTESIAN_POINT('',(144.3683007366,-53.46710693421,0.));
#2657 = VERTEX_POINT('',#2658);
#2658 = CARTESIAN_POINT('',(144.3683007366,-53.46710693421,    1.600050800102));
#2659 = LINE('',#2660,#2661);
#2660 = CARTESIAN_POINT('',(144.3683007366,-53.46710693421,0.));
#2661 = VECTOR('',#2662,1.);
#2662 = DIRECTION('',(0.,0.,1.));
#2663 = ORIENTED_EDGE('',*,*,#2664,.T.);
#2664 = EDGE_CURVE('',#2657,#2665,#2667,.T.);
#2665 = VERTEX_POINT('',#2666);
#2666 = CARTESIAN_POINT('',(143.66827533655,-53.46710693421,    1.600050800102));
#2667 = CIRCLE('',#2668,0.350012700025);
#2668 = AXIS2_PLACEMENT_3D('',#2669,#2670,#2671);
#2669 = CARTESIAN_POINT('',(144.01828803657,-53.46710693421,    1.600050800102));
#2670 = DIRECTION('',(0.,0.,1.));
#2671 = DIRECTION('',(1.,1.110223024625E-16,-0.));
#2672 = ORIENTED_EDGE('',*,*,#2673,.F.);
#2673 = EDGE_CURVE('',#2674,#2665,#2676,.T.);
#2674 = VERTEX_POINT('',#2675);
#2675 = CARTESIAN_POINT('',(143.66827533655,-53.46710693421,0.));
#2676 = LINE('',#2677,#2678);
#2677 = CARTESIAN_POINT('',(143.66827533655,-53.46710693421,0.));
#2678 = VECTOR('',#2679,1.);
#2679 = DIRECTION('',(0.,0.,1.));
#2680 = ORIENTED_EDGE('',*,*,#2681,.F.);
#2681 = EDGE_CURVE('',#2655,#2674,#2682,.T.);
#2682 = CIRCLE('',#2683,0.350012700025);
#2683 = AXIS2_PLACEMENT_3D('',#2684,#2685,#2686);
#2684 = CARTESIAN_POINT('',(144.01828803657,-53.46710693421,0.));
#2685 = DIRECTION('',(0.,0.,1.));
#2686 = DIRECTION('',(1.,1.110223024625E-16,-0.));
#2687 = CYLINDRICAL_SURFACE('',#2688,0.350012700025);
#2688 = AXIS2_PLACEMENT_3D('',#2689,#2690,#2691);
#2689 = CARTESIAN_POINT('',(144.01828803657,-53.46710693421,0.));
#2690 = DIRECTION('',(-0.,-0.,-1.));
#2691 = DIRECTION('',(1.,1.110223024625E-16,-0.));
#2692 = ADVANCED_FACE('',(#2693),#2711,.F.);
#2693 = FACE_BOUND('',#2694,.T.);
#2694 = EDGE_LOOP('',(#2695,#2696,#2703,#2704));
#2695 = ORIENTED_EDGE('',*,*,#2673,.T.);
#2696 = ORIENTED_EDGE('',*,*,#2697,.T.);
#2697 = EDGE_CURVE('',#2665,#2657,#2698,.T.);
#2698 = CIRCLE('',#2699,0.350012700025);
#2699 = AXIS2_PLACEMENT_3D('',#2700,#2701,#2702);
#2700 = CARTESIAN_POINT('',(144.01828803657,-53.46710693421,    1.600050800102));
#2701 = DIRECTION('',(0.,0.,1.));
#2702 = DIRECTION('',(-1.,-1.110223024625E-16,0.));
#2703 = ORIENTED_EDGE('',*,*,#2654,.F.);
#2704 = ORIENTED_EDGE('',*,*,#2705,.F.);
#2705 = EDGE_CURVE('',#2674,#2655,#2706,.T.);
#2706 = CIRCLE('',#2707,0.350012700025);
#2707 = AXIS2_PLACEMENT_3D('',#2708,#2709,#2710);
#2708 = CARTESIAN_POINT('',(144.01828803657,-53.46710693421,0.));
#2709 = DIRECTION('',(0.,0.,1.));
#2710 = DIRECTION('',(-1.,-1.110223024625E-16,0.));
#2711 = CYLINDRICAL_SURFACE('',#2712,0.350012700025);
#2712 = AXIS2_PLACEMENT_3D('',#2713,#2714,#2715);
#2713 = CARTESIAN_POINT('',(144.01828803657,-53.46710693421,0.));
#2714 = DIRECTION('',(-0.,-0.,-1.));
#2715 = DIRECTION('',(-1.,-1.110223024625E-16,0.));
#2716 = ADVANCED_FACE('',(#2717),#2753,.F.);
#2717 = FACE_BOUND('',#2718,.T.);
#2718 = EDGE_LOOP('',(#2719,#2729,#2738,#2746));
#2719 = ORIENTED_EDGE('',*,*,#2720,.T.);
#2720 = EDGE_CURVE('',#2721,#2723,#2725,.T.);
#2721 = VERTEX_POINT('',#2722);
#2722 = CARTESIAN_POINT('',(144.6223012446,-78.35915671831,0.));
#2723 = VERTEX_POINT('',#2724);
#2724 = CARTESIAN_POINT('',(144.6223012446,-78.35915671831,    1.600050800102));
#2725 = LINE('',#2726,#2727);
#2726 = CARTESIAN_POINT('',(144.6223012446,-78.35915671831,0.));
#2727 = VECTOR('',#2728,1.);
#2728 = DIRECTION('',(0.,0.,1.));
#2729 = ORIENTED_EDGE('',*,*,#2730,.T.);
#2730 = EDGE_CURVE('',#2723,#2731,#2733,.T.);
#2731 = VERTEX_POINT('',#2732);
#2732 = CARTESIAN_POINT('',(143.92227584455,-78.35915671831,    1.600050800102));
#2733 = CIRCLE('',#2734,0.350012700025);
#2734 = AXIS2_PLACEMENT_3D('',#2735,#2736,#2737);
#2735 = CARTESIAN_POINT('',(144.27228854457,-78.35915671831,    1.600050800102));
#2736 = DIRECTION('',(0.,0.,1.));
#2737 = DIRECTION('',(1.,1.110223024625E-16,-0.));
#2738 = ORIENTED_EDGE('',*,*,#2739,.F.);
#2739 = EDGE_CURVE('',#2740,#2731,#2742,.T.);
#2740 = VERTEX_POINT('',#2741);
#2741 = CARTESIAN_POINT('',(143.92227584455,-78.35915671831,0.));
#2742 = LINE('',#2743,#2744);
#2743 = CARTESIAN_POINT('',(143.92227584455,-78.35915671831,0.));
#2744 = VECTOR('',#2745,1.);
#2745 = DIRECTION('',(0.,0.,1.));
#2746 = ORIENTED_EDGE('',*,*,#2747,.F.);
#2747 = EDGE_CURVE('',#2721,#2740,#2748,.T.);
#2748 = CIRCLE('',#2749,0.350012700025);
#2749 = AXIS2_PLACEMENT_3D('',#2750,#2751,#2752);
#2750 = CARTESIAN_POINT('',(144.27228854457,-78.35915671831,0.));
#2751 = DIRECTION('',(0.,0.,1.));
#2752 = DIRECTION('',(1.,1.110223024625E-16,-0.));
#2753 = CYLINDRICAL_SURFACE('',#2754,0.350012700025);
#2754 = AXIS2_PLACEMENT_3D('',#2755,#2756,#2757);
#2755 = CARTESIAN_POINT('',(144.27228854457,-78.35915671831,0.));
#2756 = DIRECTION('',(-0.,-0.,-1.));
#2757 = DIRECTION('',(1.,1.110223024625E-16,-0.));
#2758 = ADVANCED_FACE('',(#2759),#2777,.F.);
#2759 = FACE_BOUND('',#2760,.T.);
#2760 = EDGE_LOOP('',(#2761,#2762,#2769,#2770));
#2761 = ORIENTED_EDGE('',*,*,#2739,.T.);
#2762 = ORIENTED_EDGE('',*,*,#2763,.T.);
#2763 = EDGE_CURVE('',#2731,#2723,#2764,.T.);
#2764 = CIRCLE('',#2765,0.350012700025);
#2765 = AXIS2_PLACEMENT_3D('',#2766,#2767,#2768);
#2766 = CARTESIAN_POINT('',(144.27228854457,-78.35915671831,    1.600050800102));
#2767 = DIRECTION('',(0.,0.,1.));
#2768 = DIRECTION('',(-1.,-1.110223024625E-16,0.));
#2769 = ORIENTED_EDGE('',*,*,#2720,.F.);
#2770 = ORIENTED_EDGE('',*,*,#2771,.F.);
#2771 = EDGE_CURVE('',#2740,#2721,#2772,.T.);
#2772 = CIRCLE('',#2773,0.350012700025);
#2773 = AXIS2_PLACEMENT_3D('',#2774,#2775,#2776);
#2774 = CARTESIAN_POINT('',(144.27228854457,-78.35915671831,0.));
#2775 = DIRECTION('',(0.,0.,1.));
#2776 = DIRECTION('',(-1.,-1.110223024625E-16,0.));
#2777 = CYLINDRICAL_SURFACE('',#2778,0.350012700025);
#2778 = AXIS2_PLACEMENT_3D('',#2779,#2780,#2781);
#2779 = CARTESIAN_POINT('',(144.27228854457,-78.35915671831,0.));
#2780 = DIRECTION('',(-0.,-0.,-1.));
#2781 = DIRECTION('',(-1.,-1.110223024625E-16,0.));
#2782 = ADVANCED_FACE('',(#2783),#2819,.F.);
#2783 = FACE_BOUND('',#2784,.T.);
#2784 = EDGE_LOOP('',(#2785,#2795,#2804,#2812));
#2785 = ORIENTED_EDGE('',*,*,#2786,.T.);
#2786 = EDGE_CURVE('',#2787,#2789,#2791,.T.);
#2787 = VERTEX_POINT('',#2788);
#2788 = CARTESIAN_POINT('',(145.6383032766,-53.46710693421,0.));
#2789 = VERTEX_POINT('',#2790);
#2790 = CARTESIAN_POINT('',(145.6383032766,-53.46710693421,    1.600050800102));
#2791 = LINE('',#2792,#2793);
#2792 = CARTESIAN_POINT('',(145.6383032766,-53.46710693421,0.));
#2793 = VECTOR('',#2794,1.);
#2794 = DIRECTION('',(0.,0.,1.));
#2795 = ORIENTED_EDGE('',*,*,#2796,.T.);
#2796 = EDGE_CURVE('',#2789,#2797,#2799,.T.);
#2797 = VERTEX_POINT('',#2798);
#2798 = CARTESIAN_POINT('',(144.93827787655,-53.46710693421,    1.600050800102));
#2799 = CIRCLE('',#2800,0.350012700025);
#2800 = AXIS2_PLACEMENT_3D('',#2801,#2802,#2803);
#2801 = CARTESIAN_POINT('',(145.28829057658,-53.46710693421,    1.600050800102));
#2802 = DIRECTION('',(0.,0.,1.));
#2803 = DIRECTION('',(1.,1.110223024625E-16,-0.));
#2804 = ORIENTED_EDGE('',*,*,#2805,.F.);
#2805 = EDGE_CURVE('',#2806,#2797,#2808,.T.);
#2806 = VERTEX_POINT('',#2807);
#2807 = CARTESIAN_POINT('',(144.93827787655,-53.46710693421,0.));
#2808 = LINE('',#2809,#2810);
#2809 = CARTESIAN_POINT('',(144.93827787655,-53.46710693421,0.));
#2810 = VECTOR('',#2811,1.);
#2811 = DIRECTION('',(0.,0.,1.));
#2812 = ORIENTED_EDGE('',*,*,#2813,.F.);
#2813 = EDGE_CURVE('',#2787,#2806,#2814,.T.);
#2814 = CIRCLE('',#2815,0.350012700025);
#2815 = AXIS2_PLACEMENT_3D('',#2816,#2817,#2818);
#2816 = CARTESIAN_POINT('',(145.28829057658,-53.46710693421,0.));
#2817 = DIRECTION('',(0.,0.,1.));
#2818 = DIRECTION('',(1.,1.110223024625E-16,-0.));
#2819 = CYLINDRICAL_SURFACE('',#2820,0.350012700025);
#2820 = AXIS2_PLACEMENT_3D('',#2821,#2822,#2823);
#2821 = CARTESIAN_POINT('',(145.28829057658,-53.46710693421,0.));
#2822 = DIRECTION('',(-0.,-0.,-1.));
#2823 = DIRECTION('',(1.,1.110223024625E-16,-0.));
#2824 = ADVANCED_FACE('',(#2825),#2843,.F.);
#2825 = FACE_BOUND('',#2826,.T.);
#2826 = EDGE_LOOP('',(#2827,#2828,#2835,#2836));
#2827 = ORIENTED_EDGE('',*,*,#2805,.T.);
#2828 = ORIENTED_EDGE('',*,*,#2829,.T.);
#2829 = EDGE_CURVE('',#2797,#2789,#2830,.T.);
#2830 = CIRCLE('',#2831,0.350012700025);
#2831 = AXIS2_PLACEMENT_3D('',#2832,#2833,#2834);
#2832 = CARTESIAN_POINT('',(145.28829057658,-53.46710693421,    1.600050800102));
#2833 = DIRECTION('',(0.,0.,1.));
#2834 = DIRECTION('',(-1.,-1.110223024625E-16,0.));
#2835 = ORIENTED_EDGE('',*,*,#2786,.F.);
#2836 = ORIENTED_EDGE('',*,*,#2837,.F.);
#2837 = EDGE_CURVE('',#2806,#2787,#2838,.T.);
#2838 = CIRCLE('',#2839,0.350012700025);
#2839 = AXIS2_PLACEMENT_3D('',#2840,#2841,#2842);
#2840 = CARTESIAN_POINT('',(145.28829057658,-53.46710693421,0.));
#2841 = DIRECTION('',(0.,0.,1.));
#2842 = DIRECTION('',(-1.,-1.110223024625E-16,0.));
#2843 = CYLINDRICAL_SURFACE('',#2844,0.350012700025);
#2844 = AXIS2_PLACEMENT_3D('',#2845,#2846,#2847);
#2845 = CARTESIAN_POINT('',(145.28829057658,-53.46710693421,0.));
#2846 = DIRECTION('',(-0.,-0.,-1.));
#2847 = DIRECTION('',(-1.,-1.110223024625E-16,0.));
#2848 = ADVANCED_FACE('',(#2849),#2885,.F.);
#2849 = FACE_BOUND('',#2850,.T.);
#2850 = EDGE_LOOP('',(#2851,#2861,#2870,#2878));
#2851 = ORIENTED_EDGE('',*,*,#2852,.T.);
#2852 = EDGE_CURVE('',#2853,#2855,#2857,.T.);
#2853 = VERTEX_POINT('',#2854);
#2854 = CARTESIAN_POINT('',(145.8923037846,-78.35915671831,0.));
#2855 = VERTEX_POINT('',#2856);
#2856 = CARTESIAN_POINT('',(145.8923037846,-78.35915671831,    1.600050800102));
#2857 = LINE('',#2858,#2859);
#2858 = CARTESIAN_POINT('',(145.8923037846,-78.35915671831,0.));
#2859 = VECTOR('',#2860,1.);
#2860 = DIRECTION('',(0.,0.,1.));
#2861 = ORIENTED_EDGE('',*,*,#2862,.T.);
#2862 = EDGE_CURVE('',#2855,#2863,#2865,.T.);
#2863 = VERTEX_POINT('',#2864);
#2864 = CARTESIAN_POINT('',(145.19227838455,-78.35915671831,    1.600050800102));
#2865 = CIRCLE('',#2866,0.350012700025);
#2866 = AXIS2_PLACEMENT_3D('',#2867,#2868,#2869);
#2867 = CARTESIAN_POINT('',(145.54229108458,-78.35915671831,    1.600050800102));
#2868 = DIRECTION('',(0.,0.,1.));
#2869 = DIRECTION('',(1.,1.110223024625E-16,-0.));
#2870 = ORIENTED_EDGE('',*,*,#2871,.F.);
#2871 = EDGE_CURVE('',#2872,#2863,#2874,.T.);
#2872 = VERTEX_POINT('',#2873);
#2873 = CARTESIAN_POINT('',(145.19227838455,-78.35915671831,0.));
#2874 = LINE('',#2875,#2876);
#2875 = CARTESIAN_POINT('',(145.19227838455,-78.35915671831,0.));
#2876 = VECTOR('',#2877,1.);
#2877 = DIRECTION('',(0.,0.,1.));
#2878 = ORIENTED_EDGE('',*,*,#2879,.F.);
#2879 = EDGE_CURVE('',#2853,#2872,#2880,.T.);
#2880 = CIRCLE('',#2881,0.350012700025);
#2881 = AXIS2_PLACEMENT_3D('',#2882,#2883,#2884);
#2882 = CARTESIAN_POINT('',(145.54229108458,-78.35915671831,0.));
#2883 = DIRECTION('',(0.,0.,1.));
#2884 = DIRECTION('',(1.,1.110223024625E-16,-0.));
#2885 = CYLINDRICAL_SURFACE('',#2886,0.350012700025);
#2886 = AXIS2_PLACEMENT_3D('',#2887,#2888,#2889);
#2887 = CARTESIAN_POINT('',(145.54229108458,-78.35915671831,0.));
#2888 = DIRECTION('',(-0.,-0.,-1.));
#2889 = DIRECTION('',(1.,1.110223024625E-16,-0.));
#2890 = ADVANCED_FACE('',(#2891),#2909,.F.);
#2891 = FACE_BOUND('',#2892,.T.);
#2892 = EDGE_LOOP('',(#2893,#2894,#2901,#2902));
#2893 = ORIENTED_EDGE('',*,*,#2871,.T.);
#2894 = ORIENTED_EDGE('',*,*,#2895,.T.);
#2895 = EDGE_CURVE('',#2863,#2855,#2896,.T.);
#2896 = CIRCLE('',#2897,0.350012700025);
#2897 = AXIS2_PLACEMENT_3D('',#2898,#2899,#2900);
#2898 = CARTESIAN_POINT('',(145.54229108458,-78.35915671831,    1.600050800102));
#2899 = DIRECTION('',(0.,0.,1.));
#2900 = DIRECTION('',(-1.,-1.110223024625E-16,0.));
#2901 = ORIENTED_EDGE('',*,*,#2852,.F.);
#2902 = ORIENTED_EDGE('',*,*,#2903,.F.);
#2903 = EDGE_CURVE('',#2872,#2853,#2904,.T.);
#2904 = CIRCLE('',#2905,0.350012700025);
#2905 = AXIS2_PLACEMENT_3D('',#2906,#2907,#2908);
#2906 = CARTESIAN_POINT('',(145.54229108458,-78.35915671831,0.));
#2907 = DIRECTION('',(0.,0.,1.));
#2908 = DIRECTION('',(-1.,-1.110223024625E-16,0.));
#2909 = CYLINDRICAL_SURFACE('',#2910,0.350012700025);
#2910 = AXIS2_PLACEMENT_3D('',#2911,#2912,#2913);
#2911 = CARTESIAN_POINT('',(145.54229108458,-78.35915671831,0.));
#2912 = DIRECTION('',(-0.,-0.,-1.));
#2913 = DIRECTION('',(-1.,-1.110223024625E-16,0.));
#2914 = ADVANCED_FACE('',(#2915),#2951,.F.);
#2915 = FACE_BOUND('',#2916,.T.);
#2916 = EDGE_LOOP('',(#2917,#2927,#2936,#2944));
#2917 = ORIENTED_EDGE('',*,*,#2918,.T.);
#2918 = EDGE_CURVE('',#2919,#2921,#2923,.T.);
#2919 = VERTEX_POINT('',#2920);
#2920 = CARTESIAN_POINT('',(146.90830581661,-53.46710693421,0.));
#2921 = VERTEX_POINT('',#2922);
#2922 = CARTESIAN_POINT('',(146.90830581661,-53.46710693421,    1.600050800102));
#2923 = LINE('',#2924,#2925);
#2924 = CARTESIAN_POINT('',(146.90830581661,-53.46710693421,0.));
#2925 = VECTOR('',#2926,1.);
#2926 = DIRECTION('',(0.,0.,1.));
#2927 = ORIENTED_EDGE('',*,*,#2928,.T.);
#2928 = EDGE_CURVE('',#2921,#2929,#2931,.T.);
#2929 = VERTEX_POINT('',#2930);
#2930 = CARTESIAN_POINT('',(146.20828041656,-53.46710693421,    1.600050800102));
#2931 = CIRCLE('',#2932,0.350012700025);
#2932 = AXIS2_PLACEMENT_3D('',#2933,#2934,#2935);
#2933 = CARTESIAN_POINT('',(146.55829311658,-53.46710693421,    1.600050800102));
#2934 = DIRECTION('',(0.,0.,1.));
#2935 = DIRECTION('',(1.,1.110223024625E-16,-0.));
#2936 = ORIENTED_EDGE('',*,*,#2937,.F.);
#2937 = EDGE_CURVE('',#2938,#2929,#2940,.T.);
#2938 = VERTEX_POINT('',#2939);
#2939 = CARTESIAN_POINT('',(146.20828041656,-53.46710693421,0.));
#2940 = LINE('',#2941,#2942);
#2941 = CARTESIAN_POINT('',(146.20828041656,-53.46710693421,0.));
#2942 = VECTOR('',#2943,1.);
#2943 = DIRECTION('',(0.,0.,1.));
#2944 = ORIENTED_EDGE('',*,*,#2945,.F.);
#2945 = EDGE_CURVE('',#2919,#2938,#2946,.T.);
#2946 = CIRCLE('',#2947,0.350012700025);
#2947 = AXIS2_PLACEMENT_3D('',#2948,#2949,#2950);
#2948 = CARTESIAN_POINT('',(146.55829311658,-53.46710693421,0.));
#2949 = DIRECTION('',(0.,0.,1.));
#2950 = DIRECTION('',(1.,1.110223024625E-16,-0.));
#2951 = CYLINDRICAL_SURFACE('',#2952,0.350012700025);
#2952 = AXIS2_PLACEMENT_3D('',#2953,#2954,#2955);
#2953 = CARTESIAN_POINT('',(146.55829311658,-53.46710693421,0.));
#2954 = DIRECTION('',(-0.,-0.,-1.));
#2955 = DIRECTION('',(1.,1.110223024625E-16,-0.));
#2956 = ADVANCED_FACE('',(#2957),#2975,.F.);
#2957 = FACE_BOUND('',#2958,.T.);
#2958 = EDGE_LOOP('',(#2959,#2960,#2967,#2968));
#2959 = ORIENTED_EDGE('',*,*,#2937,.T.);
#2960 = ORIENTED_EDGE('',*,*,#2961,.T.);
#2961 = EDGE_CURVE('',#2929,#2921,#2962,.T.);
#2962 = CIRCLE('',#2963,0.350012700025);
#2963 = AXIS2_PLACEMENT_3D('',#2964,#2965,#2966);
#2964 = CARTESIAN_POINT('',(146.55829311658,-53.46710693421,    1.600050800102));
#2965 = DIRECTION('',(0.,0.,1.));
#2966 = DIRECTION('',(-1.,-1.110223024625E-16,0.));
#2967 = ORIENTED_EDGE('',*,*,#2918,.F.);
#2968 = ORIENTED_EDGE('',*,*,#2969,.F.);
#2969 = EDGE_CURVE('',#2938,#2919,#2970,.T.);
#2970 = CIRCLE('',#2971,0.350012700025);
#2971 = AXIS2_PLACEMENT_3D('',#2972,#2973,#2974);
#2972 = CARTESIAN_POINT('',(146.55829311658,-53.46710693421,0.));
#2973 = DIRECTION('',(0.,0.,1.));
#2974 = DIRECTION('',(-1.,-1.110223024625E-16,0.));
#2975 = CYLINDRICAL_SURFACE('',#2976,0.350012700025);
#2976 = AXIS2_PLACEMENT_3D('',#2977,#2978,#2979);
#2977 = CARTESIAN_POINT('',(146.55829311658,-53.46710693421,0.));
#2978 = DIRECTION('',(-0.,-0.,-1.));
#2979 = DIRECTION('',(-1.,-1.110223024625E-16,0.));
#2980 = ADVANCED_FACE('',(#2981),#3017,.F.);
#2981 = FACE_BOUND('',#2982,.T.);
#2982 = EDGE_LOOP('',(#2983,#2993,#3002,#3010));
#2983 = ORIENTED_EDGE('',*,*,#2984,.T.);
#2984 = EDGE_CURVE('',#2985,#2987,#2989,.T.);
#2985 = VERTEX_POINT('',#2986);
#2986 = CARTESIAN_POINT('',(147.16230632461,-78.35915671831,0.));
#2987 = VERTEX_POINT('',#2988);
#2988 = CARTESIAN_POINT('',(147.16230632461,-78.35915671831,    1.600050800102));
#2989 = LINE('',#2990,#2991);
#2990 = CARTESIAN_POINT('',(147.16230632461,-78.35915671831,0.));
#2991 = VECTOR('',#2992,1.);
#2992 = DIRECTION('',(0.,0.,1.));
#2993 = ORIENTED_EDGE('',*,*,#2994,.T.);
#2994 = EDGE_CURVE('',#2987,#2995,#2997,.T.);
#2995 = VERTEX_POINT('',#2996);
#2996 = CARTESIAN_POINT('',(146.46228092456,-78.35915671831,    1.600050800102));
#2997 = CIRCLE('',#2998,0.350012700025);
#2998 = AXIS2_PLACEMENT_3D('',#2999,#3000,#3001);
#2999 = CARTESIAN_POINT('',(146.81229362458,-78.35915671831,    1.600050800102));
#3000 = DIRECTION('',(0.,0.,1.));
#3001 = DIRECTION('',(1.,1.110223024625E-16,-0.));
#3002 = ORIENTED_EDGE('',*,*,#3003,.F.);
#3003 = EDGE_CURVE('',#3004,#2995,#3006,.T.);
#3004 = VERTEX_POINT('',#3005);
#3005 = CARTESIAN_POINT('',(146.46228092456,-78.35915671831,0.));
#3006 = LINE('',#3007,#3008);
#3007 = CARTESIAN_POINT('',(146.46228092456,-78.35915671831,0.));
#3008 = VECTOR('',#3009,1.);
#3009 = DIRECTION('',(0.,0.,1.));
#3010 = ORIENTED_EDGE('',*,*,#3011,.F.);
#3011 = EDGE_CURVE('',#2985,#3004,#3012,.T.);
#3012 = CIRCLE('',#3013,0.350012700025);
#3013 = AXIS2_PLACEMENT_3D('',#3014,#3015,#3016);
#3014 = CARTESIAN_POINT('',(146.81229362458,-78.35915671831,0.));
#3015 = DIRECTION('',(0.,0.,1.));
#3016 = DIRECTION('',(1.,1.110223024625E-16,-0.));
#3017 = CYLINDRICAL_SURFACE('',#3018,0.350012700025);
#3018 = AXIS2_PLACEMENT_3D('',#3019,#3020,#3021);
#3019 = CARTESIAN_POINT('',(146.81229362458,-78.35915671831,0.));
#3020 = DIRECTION('',(-0.,-0.,-1.));
#3021 = DIRECTION('',(1.,1.110223024625E-16,-0.));
#3022 = ADVANCED_FACE('',(#3023),#3041,.F.);
#3023 = FACE_BOUND('',#3024,.T.);
#3024 = EDGE_LOOP('',(#3025,#3026,#3033,#3034));
#3025 = ORIENTED_EDGE('',*,*,#3003,.T.);
#3026 = ORIENTED_EDGE('',*,*,#3027,.T.);
#3027 = EDGE_CURVE('',#2995,#2987,#3028,.T.);
#3028 = CIRCLE('',#3029,0.350012700025);
#3029 = AXIS2_PLACEMENT_3D('',#3030,#3031,#3032);
#3030 = CARTESIAN_POINT('',(146.81229362458,-78.35915671831,    1.600050800102));
#3031 = DIRECTION('',(0.,0.,1.));
#3032 = DIRECTION('',(-1.,-1.110223024625E-16,0.));
#3033 = ORIENTED_EDGE('',*,*,#2984,.F.);
#3034 = ORIENTED_EDGE('',*,*,#3035,.F.);
#3035 = EDGE_CURVE('',#3004,#2985,#3036,.T.);
#3036 = CIRCLE('',#3037,0.350012700025);
#3037 = AXIS2_PLACEMENT_3D('',#3038,#3039,#3040);
#3038 = CARTESIAN_POINT('',(146.81229362458,-78.35915671831,0.));
#3039 = DIRECTION('',(0.,0.,1.));
#3040 = DIRECTION('',(-1.,-1.110223024625E-16,0.));
#3041 = CYLINDRICAL_SURFACE('',#3042,0.350012700025);
#3042 = AXIS2_PLACEMENT_3D('',#3043,#3044,#3045);
#3043 = CARTESIAN_POINT('',(146.81229362458,-78.35915671831,0.));
#3044 = DIRECTION('',(-0.,-0.,-1.));
#3045 = DIRECTION('',(-1.,-1.110223024625E-16,0.));
#3046 = ADVANCED_FACE('',(#3047),#3083,.F.);
#3047 = FACE_BOUND('',#3048,.T.);
#3048 = EDGE_LOOP('',(#3049,#3059,#3068,#3076));
#3049 = ORIENTED_EDGE('',*,*,#3050,.T.);
#3050 = EDGE_CURVE('',#3051,#3053,#3055,.T.);
#3051 = VERTEX_POINT('',#3052);
#3052 = CARTESIAN_POINT('',(148.17830835661,-53.46710693421,0.));
#3053 = VERTEX_POINT('',#3054);
#3054 = CARTESIAN_POINT('',(148.17830835661,-53.46710693421,    1.600050800102));
#3055 = LINE('',#3056,#3057);
#3056 = CARTESIAN_POINT('',(148.17830835661,-53.46710693421,0.));
#3057 = VECTOR('',#3058,1.);
#3058 = DIRECTION('',(0.,0.,1.));
#3059 = ORIENTED_EDGE('',*,*,#3060,.T.);
#3060 = EDGE_CURVE('',#3053,#3061,#3063,.T.);
#3061 = VERTEX_POINT('',#3062);
#3062 = CARTESIAN_POINT('',(147.47828295656,-53.46710693421,    1.600050800102));
#3063 = CIRCLE('',#3064,0.350012700025);
#3064 = AXIS2_PLACEMENT_3D('',#3065,#3066,#3067);
#3065 = CARTESIAN_POINT('',(147.82829565659,-53.46710693421,    1.600050800102));
#3066 = DIRECTION('',(0.,0.,1.));
#3067 = DIRECTION('',(1.,1.110223024625E-16,-0.));
#3068 = ORIENTED_EDGE('',*,*,#3069,.F.);
#3069 = EDGE_CURVE('',#3070,#3061,#3072,.T.);
#3070 = VERTEX_POINT('',#3071);
#3071 = CARTESIAN_POINT('',(147.47828295656,-53.46710693421,0.));
#3072 = LINE('',#3073,#3074);
#3073 = CARTESIAN_POINT('',(147.47828295656,-53.46710693421,0.));
#3074 = VECTOR('',#3075,1.);
#3075 = DIRECTION('',(0.,0.,1.));
#3076 = ORIENTED_EDGE('',*,*,#3077,.F.);
#3077 = EDGE_CURVE('',#3051,#3070,#3078,.T.);
#3078 = CIRCLE('',#3079,0.350012700025);
#3079 = AXIS2_PLACEMENT_3D('',#3080,#3081,#3082);
#3080 = CARTESIAN_POINT('',(147.82829565659,-53.46710693421,0.));
#3081 = DIRECTION('',(0.,0.,1.));
#3082 = DIRECTION('',(1.,1.110223024625E-16,-0.));
#3083 = CYLINDRICAL_SURFACE('',#3084,0.350012700025);
#3084 = AXIS2_PLACEMENT_3D('',#3085,#3086,#3087);
#3085 = CARTESIAN_POINT('',(147.82829565659,-53.46710693421,0.));
#3086 = DIRECTION('',(-0.,-0.,-1.));
#3087 = DIRECTION('',(1.,1.110223024625E-16,-0.));
#3088 = ADVANCED_FACE('',(#3089),#3107,.F.);
#3089 = FACE_BOUND('',#3090,.T.);
#3090 = EDGE_LOOP('',(#3091,#3092,#3099,#3100));
#3091 = ORIENTED_EDGE('',*,*,#3069,.T.);
#3092 = ORIENTED_EDGE('',*,*,#3093,.T.);
#3093 = EDGE_CURVE('',#3061,#3053,#3094,.T.);
#3094 = CIRCLE('',#3095,0.350012700025);
#3095 = AXIS2_PLACEMENT_3D('',#3096,#3097,#3098);
#3096 = CARTESIAN_POINT('',(147.82829565659,-53.46710693421,    1.600050800102));
#3097 = DIRECTION('',(0.,0.,1.));
#3098 = DIRECTION('',(-1.,-1.110223024625E-16,0.));
#3099 = ORIENTED_EDGE('',*,*,#3050,.F.);
#3100 = ORIENTED_EDGE('',*,*,#3101,.F.);
#3101 = EDGE_CURVE('',#3070,#3051,#3102,.T.);
#3102 = CIRCLE('',#3103,0.350012700025);
#3103 = AXIS2_PLACEMENT_3D('',#3104,#3105,#3106);
#3104 = CARTESIAN_POINT('',(147.82829565659,-53.46710693421,0.));
#3105 = DIRECTION('',(0.,0.,1.));
#3106 = DIRECTION('',(-1.,-1.110223024625E-16,0.));
#3107 = CYLINDRICAL_SURFACE('',#3108,0.350012700025);
#3108 = AXIS2_PLACEMENT_3D('',#3109,#3110,#3111);
#3109 = CARTESIAN_POINT('',(147.82829565659,-53.46710693421,0.));
#3110 = DIRECTION('',(-0.,-0.,-1.));
#3111 = DIRECTION('',(-1.,-1.110223024625E-16,0.));
#3112 = ADVANCED_FACE('',(#3113),#3149,.F.);
#3113 = FACE_BOUND('',#3114,.T.);
#3114 = EDGE_LOOP('',(#3115,#3125,#3134,#3142));
#3115 = ORIENTED_EDGE('',*,*,#3116,.T.);
#3116 = EDGE_CURVE('',#3117,#3119,#3121,.T.);
#3117 = VERTEX_POINT('',#3118);
#3118 = CARTESIAN_POINT('',(148.43230886461,-78.35915671831,0.));
#3119 = VERTEX_POINT('',#3120);
#3120 = CARTESIAN_POINT('',(148.43230886461,-78.35915671831,    1.600050800102));
#3121 = LINE('',#3122,#3123);
#3122 = CARTESIAN_POINT('',(148.43230886461,-78.35915671831,0.));
#3123 = VECTOR('',#3124,1.);
#3124 = DIRECTION('',(0.,0.,1.));
#3125 = ORIENTED_EDGE('',*,*,#3126,.T.);
#3126 = EDGE_CURVE('',#3119,#3127,#3129,.T.);
#3127 = VERTEX_POINT('',#3128);
#3128 = CARTESIAN_POINT('',(147.73228346456,-78.35915671831,    1.600050800102));
#3129 = CIRCLE('',#3130,0.350012700025);
#3130 = AXIS2_PLACEMENT_3D('',#3131,#3132,#3133);
#3131 = CARTESIAN_POINT('',(148.08229616459,-78.35915671831,    1.600050800102));
#3132 = DIRECTION('',(0.,0.,1.));
#3133 = DIRECTION('',(1.,1.110223024625E-16,-0.));
#3134 = ORIENTED_EDGE('',*,*,#3135,.F.);
#3135 = EDGE_CURVE('',#3136,#3127,#3138,.T.);
#3136 = VERTEX_POINT('',#3137);
#3137 = CARTESIAN_POINT('',(147.73228346456,-78.35915671831,0.));
#3138 = LINE('',#3139,#3140);
#3139 = CARTESIAN_POINT('',(147.73228346456,-78.35915671831,0.));
#3140 = VECTOR('',#3141,1.);
#3141 = DIRECTION('',(0.,0.,1.));
#3142 = ORIENTED_EDGE('',*,*,#3143,.F.);
#3143 = EDGE_CURVE('',#3117,#3136,#3144,.T.);
#3144 = CIRCLE('',#3145,0.350012700025);
#3145 = AXIS2_PLACEMENT_3D('',#3146,#3147,#3148);
#3146 = CARTESIAN_POINT('',(148.08229616459,-78.35915671831,0.));
#3147 = DIRECTION('',(0.,0.,1.));
#3148 = DIRECTION('',(1.,1.110223024625E-16,-0.));
#3149 = CYLINDRICAL_SURFACE('',#3150,0.350012700025);
#3150 = AXIS2_PLACEMENT_3D('',#3151,#3152,#3153);
#3151 = CARTESIAN_POINT('',(148.08229616459,-78.35915671831,0.));
#3152 = DIRECTION('',(-0.,-0.,-1.));
#3153 = DIRECTION('',(1.,1.110223024625E-16,-0.));
#3154 = ADVANCED_FACE('',(#3155),#3173,.F.);
#3155 = FACE_BOUND('',#3156,.T.);
#3156 = EDGE_LOOP('',(#3157,#3158,#3165,#3166));
#3157 = ORIENTED_EDGE('',*,*,#3135,.T.);
#3158 = ORIENTED_EDGE('',*,*,#3159,.T.);
#3159 = EDGE_CURVE('',#3127,#3119,#3160,.T.);
#3160 = CIRCLE('',#3161,0.350012700025);
#3161 = AXIS2_PLACEMENT_3D('',#3162,#3163,#3164);
#3162 = CARTESIAN_POINT('',(148.08229616459,-78.35915671831,    1.600050800102));
#3163 = DIRECTION('',(0.,0.,1.));
#3164 = DIRECTION('',(-1.,-1.110223024625E-16,0.));
#3165 = ORIENTED_EDGE('',*,*,#3116,.F.);
#3166 = ORIENTED_EDGE('',*,*,#3167,.F.);
#3167 = EDGE_CURVE('',#3136,#3117,#3168,.T.);
#3168 = CIRCLE('',#3169,0.350012700025);
#3169 = AXIS2_PLACEMENT_3D('',#3170,#3171,#3172);
#3170 = CARTESIAN_POINT('',(148.08229616459,-78.35915671831,0.));
#3171 = DIRECTION('',(0.,0.,1.));
#3172 = DIRECTION('',(-1.,-1.110223024625E-16,0.));
#3173 = CYLINDRICAL_SURFACE('',#3174,0.350012700025);
#3174 = AXIS2_PLACEMENT_3D('',#3175,#3176,#3177);
#3175 = CARTESIAN_POINT('',(148.08229616459,-78.35915671831,0.));
#3176 = DIRECTION('',(-0.,-0.,-1.));
#3177 = DIRECTION('',(-1.,-1.110223024625E-16,0.));
#3178 = ADVANCED_FACE('',(#3179),#3215,.F.);
#3179 = FACE_BOUND('',#3180,.T.);
#3180 = EDGE_LOOP('',(#3181,#3191,#3200,#3208));
#3181 = ORIENTED_EDGE('',*,*,#3182,.T.);
#3182 = EDGE_CURVE('',#3183,#3185,#3187,.T.);
#3183 = VERTEX_POINT('',#3184);
#3184 = CARTESIAN_POINT('',(149.44831089662,-53.46710693421,0.));
#3185 = VERTEX_POINT('',#3186);
#3186 = CARTESIAN_POINT('',(149.44831089662,-53.46710693421,    1.600050800102));
#3187 = LINE('',#3188,#3189);
#3188 = CARTESIAN_POINT('',(149.44831089662,-53.46710693421,0.));
#3189 = VECTOR('',#3190,1.);
#3190 = DIRECTION('',(0.,0.,1.));
#3191 = ORIENTED_EDGE('',*,*,#3192,.T.);
#3192 = EDGE_CURVE('',#3185,#3193,#3195,.T.);
#3193 = VERTEX_POINT('',#3194);
#3194 = CARTESIAN_POINT('',(148.74828549657,-53.46710693421,    1.600050800102));
#3195 = CIRCLE('',#3196,0.350012700025);
#3196 = AXIS2_PLACEMENT_3D('',#3197,#3198,#3199);
#3197 = CARTESIAN_POINT('',(149.09829819659,-53.46710693421,    1.600050800102));
#3198 = DIRECTION('',(0.,0.,1.));
#3199 = DIRECTION('',(1.,1.110223024625E-16,-0.));
#3200 = ORIENTED_EDGE('',*,*,#3201,.F.);
#3201 = EDGE_CURVE('',#3202,#3193,#3204,.T.);
#3202 = VERTEX_POINT('',#3203);
#3203 = CARTESIAN_POINT('',(148.74828549657,-53.46710693421,0.));
#3204 = LINE('',#3205,#3206);
#3205 = CARTESIAN_POINT('',(148.74828549657,-53.46710693421,0.));
#3206 = VECTOR('',#3207,1.);
#3207 = DIRECTION('',(0.,0.,1.));
#3208 = ORIENTED_EDGE('',*,*,#3209,.F.);
#3209 = EDGE_CURVE('',#3183,#3202,#3210,.T.);
#3210 = CIRCLE('',#3211,0.350012700025);
#3211 = AXIS2_PLACEMENT_3D('',#3212,#3213,#3214);
#3212 = CARTESIAN_POINT('',(149.09829819659,-53.46710693421,0.));
#3213 = DIRECTION('',(0.,0.,1.));
#3214 = DIRECTION('',(1.,1.110223024625E-16,-0.));
#3215 = CYLINDRICAL_SURFACE('',#3216,0.350012700025);
#3216 = AXIS2_PLACEMENT_3D('',#3217,#3218,#3219);
#3217 = CARTESIAN_POINT('',(149.09829819659,-53.46710693421,0.));
#3218 = DIRECTION('',(-0.,-0.,-1.));
#3219 = DIRECTION('',(1.,1.110223024625E-16,-0.));
#3220 = ADVANCED_FACE('',(#3221),#3239,.F.);
#3221 = FACE_BOUND('',#3222,.T.);
#3222 = EDGE_LOOP('',(#3223,#3224,#3231,#3232));
#3223 = ORIENTED_EDGE('',*,*,#3201,.T.);
#3224 = ORIENTED_EDGE('',*,*,#3225,.T.);
#3225 = EDGE_CURVE('',#3193,#3185,#3226,.T.);
#3226 = CIRCLE('',#3227,0.350012700025);
#3227 = AXIS2_PLACEMENT_3D('',#3228,#3229,#3230);
#3228 = CARTESIAN_POINT('',(149.09829819659,-53.46710693421,    1.600050800102));
#3229 = DIRECTION('',(0.,0.,1.));
#3230 = DIRECTION('',(-1.,-1.110223024625E-16,0.));
#3231 = ORIENTED_EDGE('',*,*,#3182,.F.);
#3232 = ORIENTED_EDGE('',*,*,#3233,.F.);
#3233 = EDGE_CURVE('',#3202,#3183,#3234,.T.);
#3234 = CIRCLE('',#3235,0.350012700025);
#3235 = AXIS2_PLACEMENT_3D('',#3236,#3237,#3238);
#3236 = CARTESIAN_POINT('',(149.09829819659,-53.46710693421,0.));
#3237 = DIRECTION('',(0.,0.,1.));
#3238 = DIRECTION('',(-1.,-1.110223024625E-16,0.));
#3239 = CYLINDRICAL_SURFACE('',#3240,0.350012700025);
#3240 = AXIS2_PLACEMENT_3D('',#3241,#3242,#3243);
#3241 = CARTESIAN_POINT('',(149.09829819659,-53.46710693421,0.));
#3242 = DIRECTION('',(-0.,-0.,-1.));
#3243 = DIRECTION('',(-1.,-1.110223024625E-16,0.));
#3244 = ADVANCED_FACE('',(#3245),#3281,.F.);
#3245 = FACE_BOUND('',#3246,.T.);
#3246 = EDGE_LOOP('',(#3247,#3257,#3266,#3274));
#3247 = ORIENTED_EDGE('',*,*,#3248,.T.);
#3248 = EDGE_CURVE('',#3249,#3251,#3253,.T.);
#3249 = VERTEX_POINT('',#3250);
#3250 = CARTESIAN_POINT('',(149.70231140462,-78.35915671831,0.));
#3251 = VERTEX_POINT('',#3252);
#3252 = CARTESIAN_POINT('',(149.70231140462,-78.35915671831,    1.600050800102));
#3253 = LINE('',#3254,#3255);
#3254 = CARTESIAN_POINT('',(149.70231140462,-78.35915671831,0.));
#3255 = VECTOR('',#3256,1.);
#3256 = DIRECTION('',(0.,0.,1.));
#3257 = ORIENTED_EDGE('',*,*,#3258,.T.);
#3258 = EDGE_CURVE('',#3251,#3259,#3261,.T.);
#3259 = VERTEX_POINT('',#3260);
#3260 = CARTESIAN_POINT('',(149.00228600457,-78.35915671831,    1.600050800102));
#3261 = CIRCLE('',#3262,0.350012700025);
#3262 = AXIS2_PLACEMENT_3D('',#3263,#3264,#3265);
#3263 = CARTESIAN_POINT('',(149.35229870459,-78.35915671831,    1.600050800102));
#3264 = DIRECTION('',(0.,0.,1.));
#3265 = DIRECTION('',(1.,1.110223024625E-16,-0.));
#3266 = ORIENTED_EDGE('',*,*,#3267,.F.);
#3267 = EDGE_CURVE('',#3268,#3259,#3270,.T.);
#3268 = VERTEX_POINT('',#3269);
#3269 = CARTESIAN_POINT('',(149.00228600457,-78.35915671831,0.));
#3270 = LINE('',#3271,#3272);
#3271 = CARTESIAN_POINT('',(149.00228600457,-78.35915671831,0.));
#3272 = VECTOR('',#3273,1.);
#3273 = DIRECTION('',(0.,0.,1.));
#3274 = ORIENTED_EDGE('',*,*,#3275,.F.);
#3275 = EDGE_CURVE('',#3249,#3268,#3276,.T.);
#3276 = CIRCLE('',#3277,0.350012700025);
#3277 = AXIS2_PLACEMENT_3D('',#3278,#3279,#3280);
#3278 = CARTESIAN_POINT('',(149.35229870459,-78.35915671831,0.));
#3279 = DIRECTION('',(0.,0.,1.));
#3280 = DIRECTION('',(1.,1.110223024625E-16,-0.));
#3281 = CYLINDRICAL_SURFACE('',#3282,0.350012700025);
#3282 = AXIS2_PLACEMENT_3D('',#3283,#3284,#3285);
#3283 = CARTESIAN_POINT('',(149.35229870459,-78.35915671831,0.));
#3284 = DIRECTION('',(-0.,-0.,-1.));
#3285 = DIRECTION('',(1.,1.110223024625E-16,-0.));
#3286 = ADVANCED_FACE('',(#3287),#3305,.F.);
#3287 = FACE_BOUND('',#3288,.T.);
#3288 = EDGE_LOOP('',(#3289,#3290,#3297,#3298));
#3289 = ORIENTED_EDGE('',*,*,#3267,.T.);
#3290 = ORIENTED_EDGE('',*,*,#3291,.T.);
#3291 = EDGE_CURVE('',#3259,#3251,#3292,.T.);
#3292 = CIRCLE('',#3293,0.350012700025);
#3293 = AXIS2_PLACEMENT_3D('',#3294,#3295,#3296);
#3294 = CARTESIAN_POINT('',(149.35229870459,-78.35915671831,    1.600050800102));
#3295 = DIRECTION('',(0.,0.,1.));
#3296 = DIRECTION('',(-1.,-1.110223024625E-16,0.));
#3297 = ORIENTED_EDGE('',*,*,#3248,.F.);
#3298 = ORIENTED_EDGE('',*,*,#3299,.F.);
#3299 = EDGE_CURVE('',#3268,#3249,#3300,.T.);
#3300 = CIRCLE('',#3301,0.350012700025);
#3301 = AXIS2_PLACEMENT_3D('',#3302,#3303,#3304);
#3302 = CARTESIAN_POINT('',(149.35229870459,-78.35915671831,0.));
#3303 = DIRECTION('',(0.,0.,1.));
#3304 = DIRECTION('',(-1.,-1.110223024625E-16,0.));
#3305 = CYLINDRICAL_SURFACE('',#3306,0.350012700025);
#3306 = AXIS2_PLACEMENT_3D('',#3307,#3308,#3309);
#3307 = CARTESIAN_POINT('',(149.35229870459,-78.35915671831,0.));
#3308 = DIRECTION('',(-0.,-0.,-1.));
#3309 = DIRECTION('',(-1.,-1.110223024625E-16,0.));
#3310 = ADVANCED_FACE('',(#3311),#3347,.F.);
#3311 = FACE_BOUND('',#3312,.T.);
#3312 = EDGE_LOOP('',(#3313,#3323,#3332,#3340));
#3313 = ORIENTED_EDGE('',*,*,#3314,.T.);
#3314 = EDGE_CURVE('',#3315,#3317,#3319,.T.);
#3315 = VERTEX_POINT('',#3316);
#3316 = CARTESIAN_POINT('',(150.71831343662,-53.46710693421,0.));
#3317 = VERTEX_POINT('',#3318);
#3318 = CARTESIAN_POINT('',(150.71831343662,-53.46710693421,    1.600050800102));
#3319 = LINE('',#3320,#3321);
#3320 = CARTESIAN_POINT('',(150.71831343662,-53.46710693421,0.));
#3321 = VECTOR('',#3322,1.);
#3322 = DIRECTION('',(0.,0.,1.));
#3323 = ORIENTED_EDGE('',*,*,#3324,.T.);
#3324 = EDGE_CURVE('',#3317,#3325,#3327,.T.);
#3325 = VERTEX_POINT('',#3326);
#3326 = CARTESIAN_POINT('',(150.01828803657,-53.46710693421,    1.600050800102));
#3327 = CIRCLE('',#3328,0.350012700025);
#3328 = AXIS2_PLACEMENT_3D('',#3329,#3330,#3331);
#3329 = CARTESIAN_POINT('',(150.3683007366,-53.46710693421,    1.600050800102));
#3330 = DIRECTION('',(0.,0.,1.));
#3331 = DIRECTION('',(1.,1.110223024625E-16,-0.));
#3332 = ORIENTED_EDGE('',*,*,#3333,.F.);
#3333 = EDGE_CURVE('',#3334,#3325,#3336,.T.);
#3334 = VERTEX_POINT('',#3335);
#3335 = CARTESIAN_POINT('',(150.01828803657,-53.46710693421,0.));
#3336 = LINE('',#3337,#3338);
#3337 = CARTESIAN_POINT('',(150.01828803657,-53.46710693421,0.));
#3338 = VECTOR('',#3339,1.);
#3339 = DIRECTION('',(0.,0.,1.));
#3340 = ORIENTED_EDGE('',*,*,#3341,.F.);
#3341 = EDGE_CURVE('',#3315,#3334,#3342,.T.);
#3342 = CIRCLE('',#3343,0.350012700025);
#3343 = AXIS2_PLACEMENT_3D('',#3344,#3345,#3346);
#3344 = CARTESIAN_POINT('',(150.3683007366,-53.46710693421,0.));
#3345 = DIRECTION('',(0.,0.,1.));
#3346 = DIRECTION('',(1.,1.110223024625E-16,-0.));
#3347 = CYLINDRICAL_SURFACE('',#3348,0.350012700025);
#3348 = AXIS2_PLACEMENT_3D('',#3349,#3350,#3351);
#3349 = CARTESIAN_POINT('',(150.3683007366,-53.46710693421,0.));
#3350 = DIRECTION('',(-0.,-0.,-1.));
#3351 = DIRECTION('',(1.,1.110223024625E-16,-0.));
#3352 = ADVANCED_FACE('',(#3353),#3371,.F.);
#3353 = FACE_BOUND('',#3354,.T.);
#3354 = EDGE_LOOP('',(#3355,#3356,#3363,#3364));
#3355 = ORIENTED_EDGE('',*,*,#3333,.T.);
#3356 = ORIENTED_EDGE('',*,*,#3357,.T.);
#3357 = EDGE_CURVE('',#3325,#3317,#3358,.T.);
#3358 = CIRCLE('',#3359,0.350012700025);
#3359 = AXIS2_PLACEMENT_3D('',#3360,#3361,#3362);
#3360 = CARTESIAN_POINT('',(150.3683007366,-53.46710693421,    1.600050800102));
#3361 = DIRECTION('',(0.,0.,1.));
#3362 = DIRECTION('',(-1.,-1.110223024625E-16,0.));
#3363 = ORIENTED_EDGE('',*,*,#3314,.F.);
#3364 = ORIENTED_EDGE('',*,*,#3365,.F.);
#3365 = EDGE_CURVE('',#3334,#3315,#3366,.T.);
#3366 = CIRCLE('',#3367,0.350012700025);
#3367 = AXIS2_PLACEMENT_3D('',#3368,#3369,#3370);
#3368 = CARTESIAN_POINT('',(150.3683007366,-53.46710693421,0.));
#3369 = DIRECTION('',(0.,0.,1.));
#3370 = DIRECTION('',(-1.,-1.110223024625E-16,0.));
#3371 = CYLINDRICAL_SURFACE('',#3372,0.350012700025);
#3372 = AXIS2_PLACEMENT_3D('',#3373,#3374,#3375);
#3373 = CARTESIAN_POINT('',(150.3683007366,-53.46710693421,0.));
#3374 = DIRECTION('',(-0.,-0.,-1.));
#3375 = DIRECTION('',(-1.,-1.110223024625E-16,0.));
#3376 = ADVANCED_FACE('',(#3377),#3413,.F.);
#3377 = FACE_BOUND('',#3378,.T.);
#3378 = EDGE_LOOP('',(#3379,#3389,#3398,#3406));
#3379 = ORIENTED_EDGE('',*,*,#3380,.T.);
#3380 = EDGE_CURVE('',#3381,#3383,#3385,.T.);
#3381 = VERTEX_POINT('',#3382);
#3382 = CARTESIAN_POINT('',(150.97231394462,-78.35915671831,0.));
#3383 = VERTEX_POINT('',#3384);
#3384 = CARTESIAN_POINT('',(150.97231394462,-78.35915671831,    1.600050800102));
#3385 = LINE('',#3386,#3387);
#3386 = CARTESIAN_POINT('',(150.97231394462,-78.35915671831,0.));
#3387 = VECTOR('',#3388,1.);
#3388 = DIRECTION('',(0.,0.,1.));
#3389 = ORIENTED_EDGE('',*,*,#3390,.T.);
#3390 = EDGE_CURVE('',#3383,#3391,#3393,.T.);
#3391 = VERTEX_POINT('',#3392);
#3392 = CARTESIAN_POINT('',(150.27228854457,-78.35915671831,    1.600050800102));
#3393 = CIRCLE('',#3394,0.350012700025);
#3394 = AXIS2_PLACEMENT_3D('',#3395,#3396,#3397);
#3395 = CARTESIAN_POINT('',(150.6223012446,-78.35915671831,    1.600050800102));
#3396 = DIRECTION('',(0.,0.,1.));
#3397 = DIRECTION('',(1.,1.110223024625E-16,-0.));
#3398 = ORIENTED_EDGE('',*,*,#3399,.F.);
#3399 = EDGE_CURVE('',#3400,#3391,#3402,.T.);
#3400 = VERTEX_POINT('',#3401);
#3401 = CARTESIAN_POINT('',(150.27228854457,-78.35915671831,0.));
#3402 = LINE('',#3403,#3404);
#3403 = CARTESIAN_POINT('',(150.27228854457,-78.35915671831,0.));
#3404 = VECTOR('',#3405,1.);
#3405 = DIRECTION('',(0.,0.,1.));
#3406 = ORIENTED_EDGE('',*,*,#3407,.F.);
#3407 = EDGE_CURVE('',#3381,#3400,#3408,.T.);
#3408 = CIRCLE('',#3409,0.350012700025);
#3409 = AXIS2_PLACEMENT_3D('',#3410,#3411,#3412);
#3410 = CARTESIAN_POINT('',(150.6223012446,-78.35915671831,0.));
#3411 = DIRECTION('',(0.,0.,1.));
#3412 = DIRECTION('',(1.,1.110223024625E-16,-0.));
#3413 = CYLINDRICAL_SURFACE('',#3414,0.350012700025);
#3414 = AXIS2_PLACEMENT_3D('',#3415,#3416,#3417);
#3415 = CARTESIAN_POINT('',(150.6223012446,-78.35915671831,0.));
#3416 = DIRECTION('',(-0.,-0.,-1.));
#3417 = DIRECTION('',(1.,1.110223024625E-16,-0.));
#3418 = ADVANCED_FACE('',(#3419),#3437,.F.);
#3419 = FACE_BOUND('',#3420,.T.);
#3420 = EDGE_LOOP('',(#3421,#3422,#3429,#3430));
#3421 = ORIENTED_EDGE('',*,*,#3399,.T.);
#3422 = ORIENTED_EDGE('',*,*,#3423,.T.);
#3423 = EDGE_CURVE('',#3391,#3383,#3424,.T.);
#3424 = CIRCLE('',#3425,0.350012700025);
#3425 = AXIS2_PLACEMENT_3D('',#3426,#3427,#3428);
#3426 = CARTESIAN_POINT('',(150.6223012446,-78.35915671831,    1.600050800102));
#3427 = DIRECTION('',(0.,0.,1.));
#3428 = DIRECTION('',(-1.,-1.110223024625E-16,0.));
#3429 = ORIENTED_EDGE('',*,*,#3380,.F.);
#3430 = ORIENTED_EDGE('',*,*,#3431,.F.);
#3431 = EDGE_CURVE('',#3400,#3381,#3432,.T.);
#3432 = CIRCLE('',#3433,0.350012700025);
#3433 = AXIS2_PLACEMENT_3D('',#3434,#3435,#3436);
#3434 = CARTESIAN_POINT('',(150.6223012446,-78.35915671831,0.));
#3435 = DIRECTION('',(0.,0.,1.));
#3436 = DIRECTION('',(-1.,-1.110223024625E-16,0.));
#3437 = CYLINDRICAL_SURFACE('',#3438,0.350012700025);
#3438 = AXIS2_PLACEMENT_3D('',#3439,#3440,#3441);
#3439 = CARTESIAN_POINT('',(150.6223012446,-78.35915671831,0.));
#3440 = DIRECTION('',(-0.,-0.,-1.));
#3441 = DIRECTION('',(-1.,-1.110223024625E-16,0.));
#3442 = ADVANCED_FACE('',(#3443,#3454,#3460,#3466,#3470,#3474,#3478,    #3482,#3486,#3490,#3494,#3498,#3502,#3506,#3510,#3514,#3518,#3522,    #3526,#3530,#3534,#3538,#3542,#3546,#3550,#3554,#3558,#3562,#3566,    #3570,#3574,#3578,#3582,#3586,#3590,#3594,#3598,#3602,#3606,#3610,    #3614,#3618,#3622,#3626,#3630,#3634),#3638,.T.);
#3443 = FACE_BOUND('',#3444,.T.);
#3444 = EDGE_LOOP('',(#3445,#3446,#3447,#3448,#3449,#3450,#3451,#3452,    #3453));
#3445 = ORIENTED_EDGE('',*,*,#90,.T.);
#3446 = ORIENTED_EDGE('',*,*,#122,.T.);
#3447 = ORIENTED_EDGE('',*,*,#154,.T.);
#3448 = ORIENTED_EDGE('',*,*,#186,.T.);
#3449 = ORIENTED_EDGE('',*,*,#218,.T.);
#3450 = ORIENTED_EDGE('',*,*,#250,.T.);
#3451 = ORIENTED_EDGE('',*,*,#282,.T.);
#3452 = ORIENTED_EDGE('',*,*,#314,.T.);
#3453 = ORIENTED_EDGE('',*,*,#337,.T.);
#3454 = FACE_BOUND('',#3455,.T.);
#3455 = EDGE_LOOP('',(#3456,#3457,#3458,#3459));
#3456 = ORIENTED_EDGE('',*,*,#378,.T.);
#3457 = ORIENTED_EDGE('',*,*,#410,.T.);
#3458 = ORIENTED_EDGE('',*,*,#442,.T.);
#3459 = ORIENTED_EDGE('',*,*,#465,.T.);
#3460 = FACE_BOUND('',#3461,.T.);
#3461 = EDGE_LOOP('',(#3462,#3463,#3464,#3465));
#3462 = ORIENTED_EDGE('',*,*,#506,.T.);
#3463 = ORIENTED_EDGE('',*,*,#538,.T.);
#3464 = ORIENTED_EDGE('',*,*,#570,.T.);
#3465 = ORIENTED_EDGE('',*,*,#593,.T.);
#3466 = FACE_BOUND('',#3467,.T.);
#3467 = EDGE_LOOP('',(#3468,#3469));
#3468 = ORIENTED_EDGE('',*,*,#635,.T.);
#3469 = ORIENTED_EDGE('',*,*,#659,.T.);
#3470 = FACE_BOUND('',#3471,.T.);
#3471 = EDGE_LOOP('',(#3472,#3473));
#3472 = ORIENTED_EDGE('',*,*,#701,.T.);
#3473 = ORIENTED_EDGE('',*,*,#725,.T.);
#3474 = FACE_BOUND('',#3475,.T.);
#3475 = EDGE_LOOP('',(#3476,#3477));
#3476 = ORIENTED_EDGE('',*,*,#767,.T.);
#3477 = ORIENTED_EDGE('',*,*,#791,.T.);
#3478 = FACE_BOUND('',#3479,.T.);
#3479 = EDGE_LOOP('',(#3480,#3481));
#3480 = ORIENTED_EDGE('',*,*,#833,.T.);
#3481 = ORIENTED_EDGE('',*,*,#857,.T.);
#3482 = FACE_BOUND('',#3483,.T.);
#3483 = EDGE_LOOP('',(#3484,#3485));
#3484 = ORIENTED_EDGE('',*,*,#899,.T.);
#3485 = ORIENTED_EDGE('',*,*,#923,.T.);
#3486 = FACE_BOUND('',#3487,.T.);
#3487 = EDGE_LOOP('',(#3488,#3489));
#3488 = ORIENTED_EDGE('',*,*,#965,.T.);
#3489 = ORIENTED_EDGE('',*,*,#989,.T.);
#3490 = FACE_BOUND('',#3491,.T.);
#3491 = EDGE_LOOP('',(#3492,#3493));
#3492 = ORIENTED_EDGE('',*,*,#1031,.T.);
#3493 = ORIENTED_EDGE('',*,*,#1055,.T.);
#3494 = FACE_BOUND('',#3495,.T.);
#3495 = EDGE_LOOP('',(#3496,#3497));
#3496 = ORIENTED_EDGE('',*,*,#1097,.T.);
#3497 = ORIENTED_EDGE('',*,*,#1121,.T.);
#3498 = FACE_BOUND('',#3499,.T.);
#3499 = EDGE_LOOP('',(#3500,#3501));
#3500 = ORIENTED_EDGE('',*,*,#1163,.T.);
#3501 = ORIENTED_EDGE('',*,*,#1187,.T.);
#3502 = FACE_BOUND('',#3503,.T.);
#3503 = EDGE_LOOP('',(#3504,#3505));
#3504 = ORIENTED_EDGE('',*,*,#1229,.T.);
#3505 = ORIENTED_EDGE('',*,*,#1253,.T.);
#3506 = FACE_BOUND('',#3507,.T.);
#3507 = EDGE_LOOP('',(#3508,#3509));
#3508 = ORIENTED_EDGE('',*,*,#1295,.T.);
#3509 = ORIENTED_EDGE('',*,*,#1319,.T.);
#3510 = FACE_BOUND('',#3511,.T.);
#3511 = EDGE_LOOP('',(#3512,#3513));
#3512 = ORIENTED_EDGE('',*,*,#1361,.T.);
#3513 = ORIENTED_EDGE('',*,*,#1385,.T.);
#3514 = FACE_BOUND('',#3515,.T.);
#3515 = EDGE_LOOP('',(#3516,#3517));
#3516 = ORIENTED_EDGE('',*,*,#1427,.T.);
#3517 = ORIENTED_EDGE('',*,*,#1451,.T.);
#3518 = FACE_BOUND('',#3519,.T.);
#3519 = EDGE_LOOP('',(#3520,#3521));
#3520 = ORIENTED_EDGE('',*,*,#1493,.T.);
#3521 = ORIENTED_EDGE('',*,*,#1517,.T.);
#3522 = FACE_BOUND('',#3523,.T.);
#3523 = EDGE_LOOP('',(#3524,#3525));
#3524 = ORIENTED_EDGE('',*,*,#1559,.T.);
#3525 = ORIENTED_EDGE('',*,*,#1583,.T.);
#3526 = FACE_BOUND('',#3527,.T.);
#3527 = EDGE_LOOP('',(#3528,#3529));
#3528 = ORIENTED_EDGE('',*,*,#1625,.T.);
#3529 = ORIENTED_EDGE('',*,*,#1649,.T.);
#3530 = FACE_BOUND('',#3531,.T.);
#3531 = EDGE_LOOP('',(#3532,#3533));
#3532 = ORIENTED_EDGE('',*,*,#1691,.T.);
#3533 = ORIENTED_EDGE('',*,*,#1715,.T.);
#3534 = FACE_BOUND('',#3535,.T.);
#3535 = EDGE_LOOP('',(#3536,#3537));
#3536 = ORIENTED_EDGE('',*,*,#1757,.T.);
#3537 = ORIENTED_EDGE('',*,*,#1781,.T.);
#3538 = FACE_BOUND('',#3539,.T.);
#3539 = EDGE_LOOP('',(#3540,#3541));
#3540 = ORIENTED_EDGE('',*,*,#1823,.T.);
#3541 = ORIENTED_EDGE('',*,*,#1847,.T.);
#3542 = FACE_BOUND('',#3543,.T.);
#3543 = EDGE_LOOP('',(#3544,#3545));
#3544 = ORIENTED_EDGE('',*,*,#1889,.T.);
#3545 = ORIENTED_EDGE('',*,*,#1913,.T.);
#3546 = FACE_BOUND('',#3547,.T.);
#3547 = EDGE_LOOP('',(#3548,#3549));
#3548 = ORIENTED_EDGE('',*,*,#1955,.T.);
#3549 = ORIENTED_EDGE('',*,*,#1979,.T.);
#3550 = FACE_BOUND('',#3551,.T.);
#3551 = EDGE_LOOP('',(#3552,#3553));
#3552 = ORIENTED_EDGE('',*,*,#2021,.T.);
#3553 = ORIENTED_EDGE('',*,*,#2045,.T.);
#3554 = FACE_BOUND('',#3555,.T.);
#3555 = EDGE_LOOP('',(#3556,#3557));
#3556 = ORIENTED_EDGE('',*,*,#2087,.T.);
#3557 = ORIENTED_EDGE('',*,*,#2111,.T.);
#3558 = FACE_BOUND('',#3559,.T.);
#3559 = EDGE_LOOP('',(#3560,#3561));
#3560 = ORIENTED_EDGE('',*,*,#2153,.T.);
#3561 = ORIENTED_EDGE('',*,*,#2177,.T.);
#3562 = FACE_BOUND('',#3563,.T.);
#3563 = EDGE_LOOP('',(#3564,#3565));
#3564 = ORIENTED_EDGE('',*,*,#2219,.T.);
#3565 = ORIENTED_EDGE('',*,*,#2243,.T.);
#3566 = FACE_BOUND('',#3567,.T.);
#3567 = EDGE_LOOP('',(#3568,#3569));
#3568 = ORIENTED_EDGE('',*,*,#2285,.T.);
#3569 = ORIENTED_EDGE('',*,*,#2309,.T.);
#3570 = FACE_BOUND('',#3571,.T.);
#3571 = EDGE_LOOP('',(#3572,#3573));
#3572 = ORIENTED_EDGE('',*,*,#2351,.T.);
#3573 = ORIENTED_EDGE('',*,*,#2375,.T.);
#3574 = FACE_BOUND('',#3575,.T.);
#3575 = EDGE_LOOP('',(#3576,#3577));
#3576 = ORIENTED_EDGE('',*,*,#2417,.T.);
#3577 = ORIENTED_EDGE('',*,*,#2441,.T.);
#3578 = FACE_BOUND('',#3579,.T.);
#3579 = EDGE_LOOP('',(#3580,#3581));
#3580 = ORIENTED_EDGE('',*,*,#2483,.T.);
#3581 = ORIENTED_EDGE('',*,*,#2507,.T.);
#3582 = FACE_BOUND('',#3583,.T.);
#3583 = EDGE_LOOP('',(#3584,#3585));
#3584 = ORIENTED_EDGE('',*,*,#2549,.T.);
#3585 = ORIENTED_EDGE('',*,*,#2573,.T.);
#3586 = FACE_BOUND('',#3587,.T.);
#3587 = EDGE_LOOP('',(#3588,#3589));
#3588 = ORIENTED_EDGE('',*,*,#2615,.T.);
#3589 = ORIENTED_EDGE('',*,*,#2639,.T.);
#3590 = FACE_BOUND('',#3591,.T.);
#3591 = EDGE_LOOP('',(#3592,#3593));
#3592 = ORIENTED_EDGE('',*,*,#2681,.T.);
#3593 = ORIENTED_EDGE('',*,*,#2705,.T.);
#3594 = FACE_BOUND('',#3595,.T.);
#3595 = EDGE_LOOP('',(#3596,#3597));
#3596 = ORIENTED_EDGE('',*,*,#2747,.T.);
#3597 = ORIENTED_EDGE('',*,*,#2771,.T.);
#3598 = FACE_BOUND('',#3599,.T.);
#3599 = EDGE_LOOP('',(#3600,#3601));
#3600 = ORIENTED_EDGE('',*,*,#2813,.T.);
#3601 = ORIENTED_EDGE('',*,*,#2837,.T.);
#3602 = FACE_BOUND('',#3603,.T.);
#3603 = EDGE_LOOP('',(#3604,#3605));
#3604 = ORIENTED_EDGE('',*,*,#2879,.T.);
#3605 = ORIENTED_EDGE('',*,*,#2903,.T.);
#3606 = FACE_BOUND('',#3607,.T.);
#3607 = EDGE_LOOP('',(#3608,#3609));
#3608 = ORIENTED_EDGE('',*,*,#2945,.T.);
#3609 = ORIENTED_EDGE('',*,*,#2969,.T.);
#3610 = FACE_BOUND('',#3611,.T.);
#3611 = EDGE_LOOP('',(#3612,#3613));
#3612 = ORIENTED_EDGE('',*,*,#3011,.T.);
#3613 = ORIENTED_EDGE('',*,*,#3035,.T.);
#3614 = FACE_BOUND('',#3615,.T.);
#3615 = EDGE_LOOP('',(#3616,#3617));
#3616 = ORIENTED_EDGE('',*,*,#3077,.T.);
#3617 = ORIENTED_EDGE('',*,*,#3101,.T.);
#3618 = FACE_BOUND('',#3619,.T.);
#3619 = EDGE_LOOP('',(#3620,#3621));
#3620 = ORIENTED_EDGE('',*,*,#3143,.T.);
#3621 = ORIENTED_EDGE('',*,*,#3167,.T.);
#3622 = FACE_BOUND('',#3623,.T.);
#3623 = EDGE_LOOP('',(#3624,#3625));
#3624 = ORIENTED_EDGE('',*,*,#3209,.T.);
#3625 = ORIENTED_EDGE('',*,*,#3233,.T.);
#3626 = FACE_BOUND('',#3627,.T.);
#3627 = EDGE_LOOP('',(#3628,#3629));
#3628 = ORIENTED_EDGE('',*,*,#3275,.T.);
#3629 = ORIENTED_EDGE('',*,*,#3299,.T.);
#3630 = FACE_BOUND('',#3631,.T.);
#3631 = EDGE_LOOP('',(#3632,#3633));
#3632 = ORIENTED_EDGE('',*,*,#3341,.T.);
#3633 = ORIENTED_EDGE('',*,*,#3365,.T.);
#3634 = FACE_BOUND('',#3635,.T.);
#3635 = EDGE_LOOP('',(#3636,#3637));
#3636 = ORIENTED_EDGE('',*,*,#3407,.T.);
#3637 = ORIENTED_EDGE('',*,*,#3431,.T.);
#3638 = PLANE('',#3639);
#3639 = AXIS2_PLACEMENT_3D('',#3640,#3641,#3642);
#3640 = CARTESIAN_POINT('',(121.94947516793,-66.33059860568,0.));
#3641 = DIRECTION('',(-0.,-0.,-1.));
#3642 = DIRECTION('',(-1.,0.,0.));
#3643 = ADVANCED_FACE('',(#3644,#3655,#3661,#3667,#3671,#3675,#3679,    #3683,#3687,#3691,#3695,#3699,#3703,#3707,#3711,#3715,#3719,#3723,    #3727,#3731,#3735,#3739,#3743,#3747,#3751,#3755,#3759,#3763,#3767,    #3771,#3775,#3779,#3783,#3787,#3791,#3795,#3799,#3803,#3807,#3811,    #3815,#3819,#3823,#3827,#3831,#3835),#3839,.F.);
#3644 = FACE_BOUND('',#3645,.F.);
#3645 = EDGE_LOOP('',(#3646,#3647,#3648,#3649,#3650,#3651,#3652,#3653,    #3654));
#3646 = ORIENTED_EDGE('',*,*,#73,.T.);
#3647 = ORIENTED_EDGE('',*,*,#106,.T.);
#3648 = ORIENTED_EDGE('',*,*,#137,.T.);
#3649 = ORIENTED_EDGE('',*,*,#170,.T.);
#3650 = ORIENTED_EDGE('',*,*,#201,.T.);
#3651 = ORIENTED_EDGE('',*,*,#234,.T.);
#3652 = ORIENTED_EDGE('',*,*,#265,.T.);
#3653 = ORIENTED_EDGE('',*,*,#298,.T.);
#3654 = ORIENTED_EDGE('',*,*,#329,.T.);
#3655 = FACE_BOUND('',#3656,.F.);
#3656 = EDGE_LOOP('',(#3657,#3658,#3659,#3660));
#3657 = ORIENTED_EDGE('',*,*,#362,.T.);
#3658 = ORIENTED_EDGE('',*,*,#393,.T.);
#3659 = ORIENTED_EDGE('',*,*,#426,.T.);
#3660 = ORIENTED_EDGE('',*,*,#457,.T.);
#3661 = FACE_BOUND('',#3662,.F.);
#3662 = EDGE_LOOP('',(#3663,#3664,#3665,#3666));
#3663 = ORIENTED_EDGE('',*,*,#490,.T.);
#3664 = ORIENTED_EDGE('',*,*,#521,.T.);
#3665 = ORIENTED_EDGE('',*,*,#554,.T.);
#3666 = ORIENTED_EDGE('',*,*,#585,.T.);
#3667 = FACE_BOUND('',#3668,.F.);
#3668 = EDGE_LOOP('',(#3669,#3670));
#3669 = ORIENTED_EDGE('',*,*,#618,.T.);
#3670 = ORIENTED_EDGE('',*,*,#651,.T.);
#3671 = FACE_BOUND('',#3672,.F.);
#3672 = EDGE_LOOP('',(#3673,#3674));
#3673 = ORIENTED_EDGE('',*,*,#684,.T.);
#3674 = ORIENTED_EDGE('',*,*,#717,.T.);
#3675 = FACE_BOUND('',#3676,.F.);
#3676 = EDGE_LOOP('',(#3677,#3678));
#3677 = ORIENTED_EDGE('',*,*,#750,.T.);
#3678 = ORIENTED_EDGE('',*,*,#783,.T.);
#3679 = FACE_BOUND('',#3680,.F.);
#3680 = EDGE_LOOP('',(#3681,#3682));
#3681 = ORIENTED_EDGE('',*,*,#816,.T.);
#3682 = ORIENTED_EDGE('',*,*,#849,.T.);
#3683 = FACE_BOUND('',#3684,.F.);
#3684 = EDGE_LOOP('',(#3685,#3686));
#3685 = ORIENTED_EDGE('',*,*,#882,.T.);
#3686 = ORIENTED_EDGE('',*,*,#915,.T.);
#3687 = FACE_BOUND('',#3688,.F.);
#3688 = EDGE_LOOP('',(#3689,#3690));
#3689 = ORIENTED_EDGE('',*,*,#948,.T.);
#3690 = ORIENTED_EDGE('',*,*,#981,.T.);
#3691 = FACE_BOUND('',#3692,.F.);
#3692 = EDGE_LOOP('',(#3693,#3694));
#3693 = ORIENTED_EDGE('',*,*,#1014,.T.);
#3694 = ORIENTED_EDGE('',*,*,#1047,.T.);
#3695 = FACE_BOUND('',#3696,.F.);
#3696 = EDGE_LOOP('',(#3697,#3698));
#3697 = ORIENTED_EDGE('',*,*,#1080,.T.);
#3698 = ORIENTED_EDGE('',*,*,#1113,.T.);
#3699 = FACE_BOUND('',#3700,.F.);
#3700 = EDGE_LOOP('',(#3701,#3702));
#3701 = ORIENTED_EDGE('',*,*,#1146,.T.);
#3702 = ORIENTED_EDGE('',*,*,#1179,.T.);
#3703 = FACE_BOUND('',#3704,.F.);
#3704 = EDGE_LOOP('',(#3705,#3706));
#3705 = ORIENTED_EDGE('',*,*,#1212,.T.);
#3706 = ORIENTED_EDGE('',*,*,#1245,.T.);
#3707 = FACE_BOUND('',#3708,.F.);
#3708 = EDGE_LOOP('',(#3709,#3710));
#3709 = ORIENTED_EDGE('',*,*,#1278,.T.);
#3710 = ORIENTED_EDGE('',*,*,#1311,.T.);
#3711 = FACE_BOUND('',#3712,.F.);
#3712 = EDGE_LOOP('',(#3713,#3714));
#3713 = ORIENTED_EDGE('',*,*,#1344,.T.);
#3714 = ORIENTED_EDGE('',*,*,#1377,.T.);
#3715 = FACE_BOUND('',#3716,.F.);
#3716 = EDGE_LOOP('',(#3717,#3718));
#3717 = ORIENTED_EDGE('',*,*,#1410,.T.);
#3718 = ORIENTED_EDGE('',*,*,#1443,.T.);
#3719 = FACE_BOUND('',#3720,.F.);
#3720 = EDGE_LOOP('',(#3721,#3722));
#3721 = ORIENTED_EDGE('',*,*,#1476,.T.);
#3722 = ORIENTED_EDGE('',*,*,#1509,.T.);
#3723 = FACE_BOUND('',#3724,.F.);
#3724 = EDGE_LOOP('',(#3725,#3726));
#3725 = ORIENTED_EDGE('',*,*,#1542,.T.);
#3726 = ORIENTED_EDGE('',*,*,#1575,.T.);
#3727 = FACE_BOUND('',#3728,.F.);
#3728 = EDGE_LOOP('',(#3729,#3730));
#3729 = ORIENTED_EDGE('',*,*,#1608,.T.);
#3730 = ORIENTED_EDGE('',*,*,#1641,.T.);
#3731 = FACE_BOUND('',#3732,.F.);
#3732 = EDGE_LOOP('',(#3733,#3734));
#3733 = ORIENTED_EDGE('',*,*,#1674,.T.);
#3734 = ORIENTED_EDGE('',*,*,#1707,.T.);
#3735 = FACE_BOUND('',#3736,.F.);
#3736 = EDGE_LOOP('',(#3737,#3738));
#3737 = ORIENTED_EDGE('',*,*,#1740,.T.);
#3738 = ORIENTED_EDGE('',*,*,#1773,.T.);
#3739 = FACE_BOUND('',#3740,.F.);
#3740 = EDGE_LOOP('',(#3741,#3742));
#3741 = ORIENTED_EDGE('',*,*,#1806,.T.);
#3742 = ORIENTED_EDGE('',*,*,#1839,.T.);
#3743 = FACE_BOUND('',#3744,.F.);
#3744 = EDGE_LOOP('',(#3745,#3746));
#3745 = ORIENTED_EDGE('',*,*,#1872,.T.);
#3746 = ORIENTED_EDGE('',*,*,#1905,.T.);
#3747 = FACE_BOUND('',#3748,.F.);
#3748 = EDGE_LOOP('',(#3749,#3750));
#3749 = ORIENTED_EDGE('',*,*,#1938,.T.);
#3750 = ORIENTED_EDGE('',*,*,#1971,.T.);
#3751 = FACE_BOUND('',#3752,.F.);
#3752 = EDGE_LOOP('',(#3753,#3754));
#3753 = ORIENTED_EDGE('',*,*,#2004,.T.);
#3754 = ORIENTED_EDGE('',*,*,#2037,.T.);
#3755 = FACE_BOUND('',#3756,.F.);
#3756 = EDGE_LOOP('',(#3757,#3758));
#3757 = ORIENTED_EDGE('',*,*,#2070,.T.);
#3758 = ORIENTED_EDGE('',*,*,#2103,.T.);
#3759 = FACE_BOUND('',#3760,.F.);
#3760 = EDGE_LOOP('',(#3761,#3762));
#3761 = ORIENTED_EDGE('',*,*,#2136,.T.);
#3762 = ORIENTED_EDGE('',*,*,#2169,.T.);
#3763 = FACE_BOUND('',#3764,.F.);
#3764 = EDGE_LOOP('',(#3765,#3766));
#3765 = ORIENTED_EDGE('',*,*,#2202,.T.);
#3766 = ORIENTED_EDGE('',*,*,#2235,.T.);
#3767 = FACE_BOUND('',#3768,.F.);
#3768 = EDGE_LOOP('',(#3769,#3770));
#3769 = ORIENTED_EDGE('',*,*,#2268,.T.);
#3770 = ORIENTED_EDGE('',*,*,#2301,.T.);
#3771 = FACE_BOUND('',#3772,.F.);
#3772 = EDGE_LOOP('',(#3773,#3774));
#3773 = ORIENTED_EDGE('',*,*,#2334,.T.);
#3774 = ORIENTED_EDGE('',*,*,#2367,.T.);
#3775 = FACE_BOUND('',#3776,.F.);
#3776 = EDGE_LOOP('',(#3777,#3778));
#3777 = ORIENTED_EDGE('',*,*,#2400,.T.);
#3778 = ORIENTED_EDGE('',*,*,#2433,.T.);
#3779 = FACE_BOUND('',#3780,.F.);
#3780 = EDGE_LOOP('',(#3781,#3782));
#3781 = ORIENTED_EDGE('',*,*,#2466,.T.);
#3782 = ORIENTED_EDGE('',*,*,#2499,.T.);
#3783 = FACE_BOUND('',#3784,.F.);
#3784 = EDGE_LOOP('',(#3785,#3786));
#3785 = ORIENTED_EDGE('',*,*,#2532,.T.);
#3786 = ORIENTED_EDGE('',*,*,#2565,.T.);
#3787 = FACE_BOUND('',#3788,.F.);
#3788 = EDGE_LOOP('',(#3789,#3790));
#3789 = ORIENTED_EDGE('',*,*,#2598,.T.);
#3790 = ORIENTED_EDGE('',*,*,#2631,.T.);
#3791 = FACE_BOUND('',#3792,.F.);
#3792 = EDGE_LOOP('',(#3793,#3794));
#3793 = ORIENTED_EDGE('',*,*,#2664,.T.);
#3794 = ORIENTED_EDGE('',*,*,#2697,.T.);
#3795 = FACE_BOUND('',#3796,.F.);
#3796 = EDGE_LOOP('',(#3797,#3798));
#3797 = ORIENTED_EDGE('',*,*,#2730,.T.);
#3798 = ORIENTED_EDGE('',*,*,#2763,.T.);
#3799 = FACE_BOUND('',#3800,.F.);
#3800 = EDGE_LOOP('',(#3801,#3802));
#3801 = ORIENTED_EDGE('',*,*,#2796,.T.);
#3802 = ORIENTED_EDGE('',*,*,#2829,.T.);
#3803 = FACE_BOUND('',#3804,.F.);
#3804 = EDGE_LOOP('',(#3805,#3806));
#3805 = ORIENTED_EDGE('',*,*,#2862,.T.);
#3806 = ORIENTED_EDGE('',*,*,#2895,.T.);
#3807 = FACE_BOUND('',#3808,.F.);
#3808 = EDGE_LOOP('',(#3809,#3810));
#3809 = ORIENTED_EDGE('',*,*,#2928,.T.);
#3810 = ORIENTED_EDGE('',*,*,#2961,.T.);
#3811 = FACE_BOUND('',#3812,.F.);
#3812 = EDGE_LOOP('',(#3813,#3814));
#3813 = ORIENTED_EDGE('',*,*,#2994,.T.);
#3814 = ORIENTED_EDGE('',*,*,#3027,.T.);
#3815 = FACE_BOUND('',#3816,.F.);
#3816 = EDGE_LOOP('',(#3817,#3818));
#3817 = ORIENTED_EDGE('',*,*,#3060,.T.);
#3818 = ORIENTED_EDGE('',*,*,#3093,.T.);
#3819 = FACE_BOUND('',#3820,.F.);
#3820 = EDGE_LOOP('',(#3821,#3822));
#3821 = ORIENTED_EDGE('',*,*,#3126,.T.);
#3822 = ORIENTED_EDGE('',*,*,#3159,.T.);
#3823 = FACE_BOUND('',#3824,.F.);
#3824 = EDGE_LOOP('',(#3825,#3826));
#3825 = ORIENTED_EDGE('',*,*,#3192,.T.);
#3826 = ORIENTED_EDGE('',*,*,#3225,.T.);
#3827 = FACE_BOUND('',#3828,.F.);
#3828 = EDGE_LOOP('',(#3829,#3830));
#3829 = ORIENTED_EDGE('',*,*,#3258,.T.);
#3830 = ORIENTED_EDGE('',*,*,#3291,.T.);
#3831 = FACE_BOUND('',#3832,.F.);
#3832 = EDGE_LOOP('',(#3833,#3834));
#3833 = ORIENTED_EDGE('',*,*,#3324,.T.);
#3834 = ORIENTED_EDGE('',*,*,#3357,.T.);
#3835 = FACE_BOUND('',#3836,.F.);
#3836 = EDGE_LOOP('',(#3837,#3838));
#3837 = ORIENTED_EDGE('',*,*,#3390,.T.);
#3838 = ORIENTED_EDGE('',*,*,#3423,.T.);
#3839 = PLANE('',#3840);
#3840 = AXIS2_PLACEMENT_3D('',#3841,#3842,#3843);
#3841 = CARTESIAN_POINT('',(121.94947516793,-66.33059860568,    1.600050800102));
#3842 = DIRECTION('',(-0.,-0.,-1.));
#3843 = DIRECTION('',(-1.,0.,0.));
#3844 = ( GEOMETRIC_REPRESENTATION_CONTEXT(3) GLOBAL_UNCERTAINTY_ASSIGNED_CONTEXT((#3848)) GLOBAL_UNIT_ASSIGNED_CONTEXT((#3845,#3846,#3847)) REPRESENTATION_CONTEXT('Context #1','3D Context with UNIT and UNCERTAINTY') );
#3845 = ( LENGTH_UNIT() NAMED_UNIT(*) SI_UNIT(.MILLI.,.METRE.) );
#3846 = ( NAMED_UNIT(*) PLANE_ANGLE_UNIT() SI_UNIT($,.RADIAN.) );
#3847 = ( NAMED_UNIT(*) SI_UNIT($,.STERADIAN.) SOLID_ANGLE_UNIT() );
#3848 = UNCERTAINTY_MEASURE_WITH_UNIT(LENGTH_MEASURE(1.E-07),#3845,  'distance_accuracy_value','confusion accuracy');
#3849 = CONTEXT_DEPENDENT_SHAPE_REPRESENTATION(#3850,#3852);
#3850 = ( REPRESENTATION_RELATIONSHIP('','',#56,#10) REPRESENTATION_RELATIONSHIP_WITH_TRANSFORMATION(#3851) SHAPE_REPRESENTATION_RELATIONSHIP() );
#3851 = ITEM_DEFINED_TRANSFORMATION('','',#11,#15);
#3852 = PRODUCT_DEFINITION_SHAPE('Placement','Placement of an item',  #3853);
#3853 = NEXT_ASSEMBLY_USAGE_OCCURRENCE('1','=>[0:1:1:2]','',#5,#51,$);
#3854 = PRODUCT_RELATED_PRODUCT_CATEGORY('part',$,(#53));
#3855 = SHAPE_DEFINITION_REPRESENTATION(#3856,#3862);
#3856 = PRODUCT_DEFINITION_SHAPE('','',#3857);
#3857 = PRODUCT_DEFINITION('design','',#3858,#3861);
#3858 = PRODUCT_DEFINITION_FORMATION('','',#3859);
#3859 = PRODUCT('TopCopper~xmlH','TopCopper~xmlH','',(#3860));
#3860 = PRODUCT_CONTEXT('',#2,'mechanical');
#3861 = PRODUCT_DEFINITION_CONTEXT('part definition',#2,'design');
#3862 = SHAPE_REPRESENTATION('',(#11),#3863);
#3863 = ( GEOMETRIC_REPRESENTATION_CONTEXT(3) GLOBAL_UNCERTAINTY_ASSIGNED_CONTEXT((#3867)) GLOBAL_UNIT_ASSIGNED_CONTEXT((#3864,#3865,#3866)) REPRESENTATION_CONTEXT('Context #1','3D Context with UNIT and UNCERTAINTY') );
#3864 = ( LENGTH_UNIT() NAMED_UNIT(*) SI_UNIT(.MILLI.,.METRE.) );
#3865 = ( NAMED_UNIT(*) PLANE_ANGLE_UNIT() SI_UNIT($,.RADIAN.) );
#3866 = ( NAMED_UNIT(*) SI_UNIT($,.STERADIAN.) SOLID_ANGLE_UNIT() );
#3867 = UNCERTAINTY_MEASURE_WITH_UNIT(LENGTH_MEASURE(1.E-07),#3864,  'distance_accuracy_value','confusion accuracy');
#3868 = CONTEXT_DEPENDENT_SHAPE_REPRESENTATION(#3869,#3871);
#3869 = ( REPRESENTATION_RELATIONSHIP('','',#3862,#10) REPRESENTATION_RELATIONSHIP_WITH_TRANSFORMATION(#3870) SHAPE_REPRESENTATION_RELATIONSHIP() );
#3870 = ITEM_DEFINED_TRANSFORMATION('','',#11,#19);
#3871 = PRODUCT_DEFINITION_SHAPE('Placement','Placement of an item',  #3872);
#3872 = NEXT_ASSEMBLY_USAGE_OCCURRENCE('2','=>[0:1:1:3]','',#5,#3857,$);
#3873 = PRODUCT_RELATED_PRODUCT_CATEGORY('part',$,(#3859));
#3874 = SHAPE_DEFINITION_REPRESENTATION(#3875,#3881);
#3875 = PRODUCT_DEFINITION_SHAPE('','',#3876);
#3876 = PRODUCT_DEFINITION('design','',#3877,#3880);
#3877 = PRODUCT_DEFINITION_FORMATION('','',#3878);
#3878 = PRODUCT('BottomCopper~xmlH','BottomCopper~xmlH','',(#3879));
#3879 = PRODUCT_CONTEXT('',#2,'mechanical');
#3880 = PRODUCT_DEFINITION_CONTEXT('part definition',#2,'design');
#3881 = SHAPE_REPRESENTATION('',(#11),#3882);
#3882 = ( GEOMETRIC_REPRESENTATION_CONTEXT(3) GLOBAL_UNCERTAINTY_ASSIGNED_CONTEXT((#3886)) GLOBAL_UNIT_ASSIGNED_CONTEXT((#3883,#3884,#3885)) REPRESENTATION_CONTEXT('Context #1','3D Context with UNIT and UNCERTAINTY') );
#3883 = ( LENGTH_UNIT() NAMED_UNIT(*) SI_UNIT(.MILLI.,.METRE.) );
#3884 = ( NAMED_UNIT(*) PLANE_ANGLE_UNIT() SI_UNIT($,.RADIAN.) );
#3885 = ( NAMED_UNIT(*) SI_UNIT($,.STERADIAN.) SOLID_ANGLE_UNIT() );
#3886 = UNCERTAINTY_MEASURE_WITH_UNIT(LENGTH_MEASURE(1.E-07),#3883,  'distance_accuracy_value','confusion accuracy');
#3887 = CONTEXT_DEPENDENT_SHAPE_REPRESENTATION(#3888,#3890);
#3888 = ( REPRESENTATION_RELATIONSHIP('','',#3881,#10) REPRESENTATION_RELATIONSHIP_WITH_TRANSFORMATION(#3889) SHAPE_REPRESENTATION_RELATIONSHIP() );
#3889 = ITEM_DEFINED_TRANSFORMATION('','',#11,#23);
#3890 = PRODUCT_DEFINITION_SHAPE('Placement','Placement of an item',  #3891);
#3891 = NEXT_ASSEMBLY_USAGE_OCCURRENCE('3','=>[0:1:1:4]','',#5,#3876,$);
#3892 = PRODUCT_RELATED_PRODUCT_CATEGORY('part',$,(#3878));
#3893 = SHAPE_DEFINITION_REPRESENTATION(#3894,#3900);
#3894 = PRODUCT_DEFINITION_SHAPE('','',#3895);
#3895 = PRODUCT_DEFINITION('design','',#3896,#3899);
#3896 = PRODUCT_DEFINITION_FORMATION('','',#3897);
#3897 = PRODUCT('TopSilkscreen~xmlH','TopSilkscreen~xmlH','',(#3898));
#3898 = PRODUCT_CONTEXT('',#2,'mechanical');
#3899 = PRODUCT_DEFINITION_CONTEXT('part definition',#2,'design');
#3900 = SHAPE_REPRESENTATION('',(#11),#3901);
#3901 = ( GEOMETRIC_REPRESENTATION_CONTEXT(3) GLOBAL_UNCERTAINTY_ASSIGNED_CONTEXT((#3905)) GLOBAL_UNIT_ASSIGNED_CONTEXT((#3902,#3903,#3904)) REPRESENTATION_CONTEXT('Context #1','3D Context with UNIT and UNCERTAINTY') );
#3902 = ( LENGTH_UNIT() NAMED_UNIT(*) SI_UNIT(.MILLI.,.METRE.) );
#3903 = ( NAMED_UNIT(*) PLANE_ANGLE_UNIT() SI_UNIT($,.RADIAN.) );
#3904 = ( NAMED_UNIT(*) SI_UNIT($,.STERADIAN.) SOLID_ANGLE_UNIT() );
#3905 = UNCERTAINTY_MEASURE_WITH_UNIT(LENGTH_MEASURE(1.E-07),#3902,  'distance_accuracy_value','confusion accuracy');
#3906 = CONTEXT_DEPENDENT_SHAPE_REPRESENTATION(#3907,#3909);
#3907 = ( REPRESENTATION_RELATIONSHIP('','',#3900,#10) REPRESENTATION_RELATIONSHIP_WITH_TRANSFORMATION(#3908) SHAPE_REPRESENTATION_RELATIONSHIP() );
#3908 = ITEM_DEFINED_TRANSFORMATION('','',#11,#27);
#3909 = PRODUCT_DEFINITION_SHAPE('Placement','Placement of an item',  #3910);
#3910 = NEXT_ASSEMBLY_USAGE_OCCURRENCE('4','=>[0:1:1:5]','',#5,#3895,$);
#3911 = PRODUCT_RELATED_PRODUCT_CATEGORY('part',$,(#3897));
#3912 = SHAPE_DEFINITION_REPRESENTATION(#3913,#3919);
#3913 = PRODUCT_DEFINITION_SHAPE('','',#3914);
#3914 = PRODUCT_DEFINITION('design','',#3915,#3918);
#3915 = PRODUCT_DEFINITION_FORMATION('','',#3916);
#3916 = PRODUCT('BottomSilkscreen~xmlH','BottomSilkscreen~xmlH','',(    #3917));
#3917 = PRODUCT_CONTEXT('',#2,'mechanical');
#3918 = PRODUCT_DEFINITION_CONTEXT('part definition',#2,'design');
#3919 = SHAPE_REPRESENTATION('',(#11),#3920);
#3920 = ( GEOMETRIC_REPRESENTATION_CONTEXT(3) GLOBAL_UNCERTAINTY_ASSIGNED_CONTEXT((#3924)) GLOBAL_UNIT_ASSIGNED_CONTEXT((#3921,#3922,#3923)) REPRESENTATION_CONTEXT('Context #1','3D Context with UNIT and UNCERTAINTY') );
#3921 = ( LENGTH_UNIT() NAMED_UNIT(*) SI_UNIT(.MILLI.,.METRE.) );
#3922 = ( NAMED_UNIT(*) PLANE_ANGLE_UNIT() SI_UNIT($,.RADIAN.) );
#3923 = ( NAMED_UNIT(*) SI_UNIT($,.STERADIAN.) SOLID_ANGLE_UNIT() );
#3924 = UNCERTAINTY_MEASURE_WITH_UNIT(LENGTH_MEASURE(1.E-07),#3921,  'distance_accuracy_value','confusion accuracy');
#3925 = CONTEXT_DEPENDENT_SHAPE_REPRESENTATION(#3926,#3928);
#3926 = ( REPRESENTATION_RELATIONSHIP('','',#3919,#10) REPRESENTATION_RELATIONSHIP_WITH_TRANSFORMATION(#3927) SHAPE_REPRESENTATION_RELATIONSHIP() );
#3927 = ITEM_DEFINED_TRANSFORMATION('','',#11,#31);
#3928 = PRODUCT_DEFINITION_SHAPE('Placement','Placement of an item',  #3929);
#3929 = NEXT_ASSEMBLY_USAGE_OCCURRENCE('5','=>[0:1:1:6]','',#5,#3914,$);
#3930 = PRODUCT_RELATED_PRODUCT_CATEGORY('part',$,(#3916));
#3931 = SHAPE_DEFINITION_REPRESENTATION(#3932,#3938);
#3932 = PRODUCT_DEFINITION_SHAPE('','',#3933);
#3933 = PRODUCT_DEFINITION('design','',#3934,#3937);
#3934 = PRODUCT_DEFINITION_FORMATION('','',#3935);
#3935 = PRODUCT('TopFpcStiffener~xmlH','TopFpcStiffener~xmlH','',(#3936)  );
#3936 = PRODUCT_CONTEXT('',#2,'mechanical');
#3937 = PRODUCT_DEFINITION_CONTEXT('part definition',#2,'design');
#3938 = SHAPE_REPRESENTATION('',(#11),#3939);
#3939 = ( GEOMETRIC_REPRESENTATION_CONTEXT(3) GLOBAL_UNCERTAINTY_ASSIGNED_CONTEXT((#3943)) GLOBAL_UNIT_ASSIGNED_CONTEXT((#3940,#3941,#3942)) REPRESENTATION_CONTEXT('Context #1','3D Context with UNIT and UNCERTAINTY') );
#3940 = ( LENGTH_UNIT() NAMED_UNIT(*) SI_UNIT(.MILLI.,.METRE.) );
#3941 = ( NAMED_UNIT(*) PLANE_ANGLE_UNIT() SI_UNIT($,.RADIAN.) );
#3942 = ( NAMED_UNIT(*) SI_UNIT($,.STERADIAN.) SOLID_ANGLE_UNIT() );
#3943 = UNCERTAINTY_MEASURE_WITH_UNIT(LENGTH_MEASURE(1.E-07),#3940,  'distance_accuracy_value','confusion accuracy');
#3944 = CONTEXT_DEPENDENT_SHAPE_REPRESENTATION(#3945,#3947);
#3945 = ( REPRESENTATION_RELATIONSHIP('','',#3938,#10) REPRESENTATION_RELATIONSHIP_WITH_TRANSFORMATION(#3946) SHAPE_REPRESENTATION_RELATIONSHIP() );
#3946 = ITEM_DEFINED_TRANSFORMATION('','',#11,#35);
#3947 = PRODUCT_DEFINITION_SHAPE('Placement','Placement of an item',  #3948);
#3948 = NEXT_ASSEMBLY_USAGE_OCCURRENCE('6','=>[0:1:1:7]','',#5,#3933,$);
#3949 = PRODUCT_RELATED_PRODUCT_CATEGORY('part',$,(#3935));
#3950 = SHAPE_DEFINITION_REPRESENTATION(#3951,#3957);
#3951 = PRODUCT_DEFINITION_SHAPE('','',#3952);
#3952 = PRODUCT_DEFINITION('design','',#3953,#3956);
#3953 = PRODUCT_DEFINITION_FORMATION('','',#3954);
#3954 = PRODUCT('BottomFpcStiffener~xmlH','BottomFpcStiffener~xmlH','',(    #3955));
#3955 = PRODUCT_CONTEXT('',#2,'mechanical');
#3956 = PRODUCT_DEFINITION_CONTEXT('part definition',#2,'design');
#3957 = SHAPE_REPRESENTATION('',(#11),#3958);
#3958 = ( GEOMETRIC_REPRESENTATION_CONTEXT(3) GLOBAL_UNCERTAINTY_ASSIGNED_CONTEXT((#3962)) GLOBAL_UNIT_ASSIGNED_CONTEXT((#3959,#3960,#3961)) REPRESENTATION_CONTEXT('Context #1','3D Context with UNIT and UNCERTAINTY') );
#3959 = ( LENGTH_UNIT() NAMED_UNIT(*) SI_UNIT(.MILLI.,.METRE.) );
#3960 = ( NAMED_UNIT(*) PLANE_ANGLE_UNIT() SI_UNIT($,.RADIAN.) );
#3961 = ( NAMED_UNIT(*) SI_UNIT($,.STERADIAN.) SOLID_ANGLE_UNIT() );
#3962 = UNCERTAINTY_MEASURE_WITH_UNIT(LENGTH_MEASURE(1.E-07),#3959,  'distance_accuracy_value','confusion accuracy');
#3963 = CONTEXT_DEPENDENT_SHAPE_REPRESENTATION(#3964,#3966);
#3964 = ( REPRESENTATION_RELATIONSHIP('','',#3957,#10) REPRESENTATION_RELATIONSHIP_WITH_TRANSFORMATION(#3965) SHAPE_REPRESENTATION_RELATIONSHIP() );
#3965 = ITEM_DEFINED_TRANSFORMATION('','',#11,#39);
#3966 = PRODUCT_DEFINITION_SHAPE('Placement','Placement of an item',  #3967);
#3967 = NEXT_ASSEMBLY_USAGE_OCCURRENCE('7','=>[0:1:1:8]','',#5,#3952,$);
#3968 = PRODUCT_RELATED_PRODUCT_CATEGORY('part',$,(#3954));
#3969 = MECHANICAL_DESIGN_GEOMETRIC_PRESENTATION_REPRESENTATION('',(    #3970,#3980,#3988,#3995,#4002,#4009,#4016,#4023,#4030,#4037,#4044,    #4051,#4058,#4065,#4072,#4079,#4086,#4093,#4100,#4107,#4114,#4121,    #4128,#4135,#4142,#4149,#4156,#4163,#4170,#4177,#4184,#4191,#4198,    #4205,#4212,#4219,#4226,#4233,#4240,#4247,#4254,#4261,#4268,#4275,    #4282,#4289,#4296,#4303,#4310,#4317,#4324,#4331,#4338,#4345,#4352,    #4359,#4366,#4373,#4380,#4387,#4394,#4401,#4408,#4415,#4422,#4429,    #4436,#4443,#4450,#4457,#4464,#4471,#4478,#4485,#4492,#4499,#4506,    #4513,#4520,#4527,#4534,#4541,#4548,#4555,#4562,#4569,#4576,#4583,    #4590,#4597,#4604,#4611,#4618,#4625,#4632,#4639,#4646,#4653,#4660,    #4667,#4674,#4681,#4688,#4695),#3844);
#3970 = STYLED_ITEM('color',(#3971),#57);
#3971 = PRESENTATION_STYLE_ASSIGNMENT((#3972,#3978));
#3972 = SURFACE_STYLE_USAGE(.BOTH.,#3973);
#3973 = SURFACE_SIDE_STYLE('',(#3974));
#3974 = SURFACE_STYLE_FILL_AREA(#3975);
#3975 = FILL_AREA_STYLE('',(#3976));
#3976 = FILL_AREA_STYLE_COLOUR('',#3977);
#3977 = COLOUR_RGB('',0.,0.417002959305,0.637991923926);
#3978 = CURVE_STYLE('',#3979,POSITIVE_LENGTH_MEASURE(0.1),#3977);
#3979 = DRAUGHTING_PRE_DEFINED_CURVE_FONT('continuous');
#3980 = OVER_RIDING_STYLED_ITEM('overriding color',(#3981),#59,#3970);
#3981 = PRESENTATION_STYLE_ASSIGNMENT((#3982));
#3982 = SURFACE_STYLE_USAGE(.BOTH.,#3983);
#3983 = SURFACE_SIDE_STYLE('',(#3984));
#3984 = SURFACE_STYLE_FILL_AREA(#3985);
#3985 = FILL_AREA_STYLE('',(#3986));
#3986 = FILL_AREA_STYLE_COLOUR('',#3987);
#3987 = COLOUR_RGB('',0.937179583391,0.9357410338,0.649182888601);
#3988 = OVER_RIDING_STYLED_ITEM('overriding color',(#3989),#101,#3970);
#3989 = PRESENTATION_STYLE_ASSIGNMENT((#3990));
#3990 = SURFACE_STYLE_USAGE(.BOTH.,#3991);
#3991 = SURFACE_SIDE_STYLE('',(#3992));
#3992 = SURFACE_STYLE_FILL_AREA(#3993);
#3993 = FILL_AREA_STYLE('',(#3994));
#3994 = FILL_AREA_STYLE_COLOUR('',#3987);
#3995 = OVER_RIDING_STYLED_ITEM('overriding color',(#3996),#132,#3970);
#3996 = PRESENTATION_STYLE_ASSIGNMENT((#3997));
#3997 = SURFACE_STYLE_USAGE(.BOTH.,#3998);
#3998 = SURFACE_SIDE_STYLE('',(#3999));
#3999 = SURFACE_STYLE_FILL_AREA(#4000);
#4000 = FILL_AREA_STYLE('',(#4001));
#4001 = FILL_AREA_STYLE_COLOUR('',#3987);
#4002 = OVER_RIDING_STYLED_ITEM('overriding color',(#4003),#165,#3970);
#4003 = PRESENTATION_STYLE_ASSIGNMENT((#4004));
#4004 = SURFACE_STYLE_USAGE(.BOTH.,#4005);
#4005 = SURFACE_SIDE_STYLE('',(#4006));
#4006 = SURFACE_STYLE_FILL_AREA(#4007);
#4007 = FILL_AREA_STYLE('',(#4008));
#4008 = FILL_AREA_STYLE_COLOUR('',#3987);
#4009 = OVER_RIDING_STYLED_ITEM('overriding color',(#4010),#196,#3970);
#4010 = PRESENTATION_STYLE_ASSIGNMENT((#4011));
#4011 = SURFACE_STYLE_USAGE(.BOTH.,#4012);
#4012 = SURFACE_SIDE_STYLE('',(#4013));
#4013 = SURFACE_STYLE_FILL_AREA(#4014);
#4014 = FILL_AREA_STYLE('',(#4015));
#4015 = FILL_AREA_STYLE_COLOUR('',#3987);
#4016 = OVER_RIDING_STYLED_ITEM('overriding color',(#4017),#229,#3970);
#4017 = PRESENTATION_STYLE_ASSIGNMENT((#4018));
#4018 = SURFACE_STYLE_USAGE(.BOTH.,#4019);
#4019 = SURFACE_SIDE_STYLE('',(#4020));
#4020 = SURFACE_STYLE_FILL_AREA(#4021);
#4021 = FILL_AREA_STYLE('',(#4022));
#4022 = FILL_AREA_STYLE_COLOUR('',#3987);
#4023 = OVER_RIDING_STYLED_ITEM('overriding color',(#4024),#260,#3970);
#4024 = PRESENTATION_STYLE_ASSIGNMENT((#4025));
#4025 = SURFACE_STYLE_USAGE(.BOTH.,#4026);
#4026 = SURFACE_SIDE_STYLE('',(#4027));
#4027 = SURFACE_STYLE_FILL_AREA(#4028);
#4028 = FILL_AREA_STYLE('',(#4029));
#4029 = FILL_AREA_STYLE_COLOUR('',#3987);
#4030 = OVER_RIDING_STYLED_ITEM('overriding color',(#4031),#293,#3970);
#4031 = PRESENTATION_STYLE_ASSIGNMENT((#4032));
#4032 = SURFACE_STYLE_USAGE(.BOTH.,#4033);
#4033 = SURFACE_SIDE_STYLE('',(#4034));
#4034 = SURFACE_STYLE_FILL_AREA(#4035);
#4035 = FILL_AREA_STYLE('',(#4036));
#4036 = FILL_AREA_STYLE_COLOUR('',#3987);
#4037 = OVER_RIDING_STYLED_ITEM('overriding color',(#4038),#324,#3970);
#4038 = PRESENTATION_STYLE_ASSIGNMENT((#4039));
#4039 = SURFACE_STYLE_USAGE(.BOTH.,#4040);
#4040 = SURFACE_SIDE_STYLE('',(#4041));
#4041 = SURFACE_STYLE_FILL_AREA(#4042);
#4042 = FILL_AREA_STYLE('',(#4043));
#4043 = FILL_AREA_STYLE_COLOUR('',#3987);
#4044 = OVER_RIDING_STYLED_ITEM('overriding color',(#4045),#348,#3970);
#4045 = PRESENTATION_STYLE_ASSIGNMENT((#4046));
#4046 = SURFACE_STYLE_USAGE(.BOTH.,#4047);
#4047 = SURFACE_SIDE_STYLE('',(#4048));
#4048 = SURFACE_STYLE_FILL_AREA(#4049);
#4049 = FILL_AREA_STYLE('',(#4050));
#4050 = FILL_AREA_STYLE_COLOUR('',#3987);
#4051 = OVER_RIDING_STYLED_ITEM('overriding color',(#4052),#388,#3970);
#4052 = PRESENTATION_STYLE_ASSIGNMENT((#4053));
#4053 = SURFACE_STYLE_USAGE(.BOTH.,#4054);
#4054 = SURFACE_SIDE_STYLE('',(#4055));
#4055 = SURFACE_STYLE_FILL_AREA(#4056);
#4056 = FILL_AREA_STYLE('',(#4057));
#4057 = FILL_AREA_STYLE_COLOUR('',#3987);
#4058 = OVER_RIDING_STYLED_ITEM('overriding color',(#4059),#421,#3970);
#4059 = PRESENTATION_STYLE_ASSIGNMENT((#4060));
#4060 = SURFACE_STYLE_USAGE(.BOTH.,#4061);
#4061 = SURFACE_SIDE_STYLE('',(#4062));
#4062 = SURFACE_STYLE_FILL_AREA(#4063);
#4063 = FILL_AREA_STYLE('',(#4064));
#4064 = FILL_AREA_STYLE_COLOUR('',#3987);
#4065 = OVER_RIDING_STYLED_ITEM('overriding color',(#4066),#452,#3970);
#4066 = PRESENTATION_STYLE_ASSIGNMENT((#4067));
#4067 = SURFACE_STYLE_USAGE(.BOTH.,#4068);
#4068 = SURFACE_SIDE_STYLE('',(#4069));
#4069 = SURFACE_STYLE_FILL_AREA(#4070);
#4070 = FILL_AREA_STYLE('',(#4071));
#4071 = FILL_AREA_STYLE_COLOUR('',#3987);
#4072 = OVER_RIDING_STYLED_ITEM('overriding color',(#4073),#476,#3970);
#4073 = PRESENTATION_STYLE_ASSIGNMENT((#4074));
#4074 = SURFACE_STYLE_USAGE(.BOTH.,#4075);
#4075 = SURFACE_SIDE_STYLE('',(#4076));
#4076 = SURFACE_STYLE_FILL_AREA(#4077);
#4077 = FILL_AREA_STYLE('',(#4078));
#4078 = FILL_AREA_STYLE_COLOUR('',#3987);
#4079 = OVER_RIDING_STYLED_ITEM('overriding color',(#4080),#516,#3970);
#4080 = PRESENTATION_STYLE_ASSIGNMENT((#4081));
#4081 = SURFACE_STYLE_USAGE(.BOTH.,#4082);
#4082 = SURFACE_SIDE_STYLE('',(#4083));
#4083 = SURFACE_STYLE_FILL_AREA(#4084);
#4084 = FILL_AREA_STYLE('',(#4085));
#4085 = FILL_AREA_STYLE_COLOUR('',#3987);
#4086 = OVER_RIDING_STYLED_ITEM('overriding color',(#4087),#549,#3970);
#4087 = PRESENTATION_STYLE_ASSIGNMENT((#4088));
#4088 = SURFACE_STYLE_USAGE(.BOTH.,#4089);
#4089 = SURFACE_SIDE_STYLE('',(#4090));
#4090 = SURFACE_STYLE_FILL_AREA(#4091);
#4091 = FILL_AREA_STYLE('',(#4092));
#4092 = FILL_AREA_STYLE_COLOUR('',#3987);
#4093 = OVER_RIDING_STYLED_ITEM('overriding color',(#4094),#580,#3970);
#4094 = PRESENTATION_STYLE_ASSIGNMENT((#4095));
#4095 = SURFACE_STYLE_USAGE(.BOTH.,#4096);
#4096 = SURFACE_SIDE_STYLE('',(#4097));
#4097 = SURFACE_STYLE_FILL_AREA(#4098);
#4098 = FILL_AREA_STYLE('',(#4099));
#4099 = FILL_AREA_STYLE_COLOUR('',#3987);
#4100 = OVER_RIDING_STYLED_ITEM('overriding color',(#4101),#604,#3970);
#4101 = PRESENTATION_STYLE_ASSIGNMENT((#4102));
#4102 = SURFACE_STYLE_USAGE(.BOTH.,#4103);
#4103 = SURFACE_SIDE_STYLE('',(#4104));
#4104 = SURFACE_STYLE_FILL_AREA(#4105);
#4105 = FILL_AREA_STYLE('',(#4106));
#4106 = FILL_AREA_STYLE_COLOUR('',#3987);
#4107 = OVER_RIDING_STYLED_ITEM('overriding color',(#4108),#646,#3970);
#4108 = PRESENTATION_STYLE_ASSIGNMENT((#4109));
#4109 = SURFACE_STYLE_USAGE(.BOTH.,#4110);
#4110 = SURFACE_SIDE_STYLE('',(#4111));
#4111 = SURFACE_STYLE_FILL_AREA(#4112);
#4112 = FILL_AREA_STYLE('',(#4113));
#4113 = FILL_AREA_STYLE_COLOUR('',#3987);
#4114 = OVER_RIDING_STYLED_ITEM('overriding color',(#4115),#670,#3970);
#4115 = PRESENTATION_STYLE_ASSIGNMENT((#4116));
#4116 = SURFACE_STYLE_USAGE(.BOTH.,#4117);
#4117 = SURFACE_SIDE_STYLE('',(#4118));
#4118 = SURFACE_STYLE_FILL_AREA(#4119);
#4119 = FILL_AREA_STYLE('',(#4120));
#4120 = FILL_AREA_STYLE_COLOUR('',#3987);
#4121 = OVER_RIDING_STYLED_ITEM('overriding color',(#4122),#712,#3970);
#4122 = PRESENTATION_STYLE_ASSIGNMENT((#4123));
#4123 = SURFACE_STYLE_USAGE(.BOTH.,#4124);
#4124 = SURFACE_SIDE_STYLE('',(#4125));
#4125 = SURFACE_STYLE_FILL_AREA(#4126);
#4126 = FILL_AREA_STYLE('',(#4127));
#4127 = FILL_AREA_STYLE_COLOUR('',#3987);
#4128 = OVER_RIDING_STYLED_ITEM('overriding color',(#4129),#736,#3970);
#4129 = PRESENTATION_STYLE_ASSIGNMENT((#4130));
#4130 = SURFACE_STYLE_USAGE(.BOTH.,#4131);
#4131 = SURFACE_SIDE_STYLE('',(#4132));
#4132 = SURFACE_STYLE_FILL_AREA(#4133);
#4133 = FILL_AREA_STYLE('',(#4134));
#4134 = FILL_AREA_STYLE_COLOUR('',#3987);
#4135 = OVER_RIDING_STYLED_ITEM('overriding color',(#4136),#778,#3970);
#4136 = PRESENTATION_STYLE_ASSIGNMENT((#4137));
#4137 = SURFACE_STYLE_USAGE(.BOTH.,#4138);
#4138 = SURFACE_SIDE_STYLE('',(#4139));
#4139 = SURFACE_STYLE_FILL_AREA(#4140);
#4140 = FILL_AREA_STYLE('',(#4141));
#4141 = FILL_AREA_STYLE_COLOUR('',#3987);
#4142 = OVER_RIDING_STYLED_ITEM('overriding color',(#4143),#802,#3970);
#4143 = PRESENTATION_STYLE_ASSIGNMENT((#4144));
#4144 = SURFACE_STYLE_USAGE(.BOTH.,#4145);
#4145 = SURFACE_SIDE_STYLE('',(#4146));
#4146 = SURFACE_STYLE_FILL_AREA(#4147);
#4147 = FILL_AREA_STYLE('',(#4148));
#4148 = FILL_AREA_STYLE_COLOUR('',#3987);
#4149 = OVER_RIDING_STYLED_ITEM('overriding color',(#4150),#844,#3970);
#4150 = PRESENTATION_STYLE_ASSIGNMENT((#4151));
#4151 = SURFACE_STYLE_USAGE(.BOTH.,#4152);
#4152 = SURFACE_SIDE_STYLE('',(#4153));
#4153 = SURFACE_STYLE_FILL_AREA(#4154);
#4154 = FILL_AREA_STYLE('',(#4155));
#4155 = FILL_AREA_STYLE_COLOUR('',#3987);
#4156 = OVER_RIDING_STYLED_ITEM('overriding color',(#4157),#868,#3970);
#4157 = PRESENTATION_STYLE_ASSIGNMENT((#4158));
#4158 = SURFACE_STYLE_USAGE(.BOTH.,#4159);
#4159 = SURFACE_SIDE_STYLE('',(#4160));
#4160 = SURFACE_STYLE_FILL_AREA(#4161);
#4161 = FILL_AREA_STYLE('',(#4162));
#4162 = FILL_AREA_STYLE_COLOUR('',#3987);
#4163 = OVER_RIDING_STYLED_ITEM('overriding color',(#4164),#910,#3970);
#4164 = PRESENTATION_STYLE_ASSIGNMENT((#4165));
#4165 = SURFACE_STYLE_USAGE(.BOTH.,#4166);
#4166 = SURFACE_SIDE_STYLE('',(#4167));
#4167 = SURFACE_STYLE_FILL_AREA(#4168);
#4168 = FILL_AREA_STYLE('',(#4169));
#4169 = FILL_AREA_STYLE_COLOUR('',#3987);
#4170 = OVER_RIDING_STYLED_ITEM('overriding color',(#4171),#934,#3970);
#4171 = PRESENTATION_STYLE_ASSIGNMENT((#4172));
#4172 = SURFACE_STYLE_USAGE(.BOTH.,#4173);
#4173 = SURFACE_SIDE_STYLE('',(#4174));
#4174 = SURFACE_STYLE_FILL_AREA(#4175);
#4175 = FILL_AREA_STYLE('',(#4176));
#4176 = FILL_AREA_STYLE_COLOUR('',#3987);
#4177 = OVER_RIDING_STYLED_ITEM('overriding color',(#4178),#976,#3970);
#4178 = PRESENTATION_STYLE_ASSIGNMENT((#4179));
#4179 = SURFACE_STYLE_USAGE(.BOTH.,#4180);
#4180 = SURFACE_SIDE_STYLE('',(#4181));
#4181 = SURFACE_STYLE_FILL_AREA(#4182);
#4182 = FILL_AREA_STYLE('',(#4183));
#4183 = FILL_AREA_STYLE_COLOUR('',#3987);
#4184 = OVER_RIDING_STYLED_ITEM('overriding color',(#4185),#1000,#3970);
#4185 = PRESENTATION_STYLE_ASSIGNMENT((#4186));
#4186 = SURFACE_STYLE_USAGE(.BOTH.,#4187);
#4187 = SURFACE_SIDE_STYLE('',(#4188));
#4188 = SURFACE_STYLE_FILL_AREA(#4189);
#4189 = FILL_AREA_STYLE('',(#4190));
#4190 = FILL_AREA_STYLE_COLOUR('',#3987);
#4191 = OVER_RIDING_STYLED_ITEM('overriding color',(#4192),#1042,#3970);
#4192 = PRESENTATION_STYLE_ASSIGNMENT((#4193));
#4193 = SURFACE_STYLE_USAGE(.BOTH.,#4194);
#4194 = SURFACE_SIDE_STYLE('',(#4195));
#4195 = SURFACE_STYLE_FILL_AREA(#4196);
#4196 = FILL_AREA_STYLE('',(#4197));
#4197 = FILL_AREA_STYLE_COLOUR('',#3987);
#4198 = OVER_RIDING_STYLED_ITEM('overriding color',(#4199),#1066,#3970);
#4199 = PRESENTATION_STYLE_ASSIGNMENT((#4200));
#4200 = SURFACE_STYLE_USAGE(.BOTH.,#4201);
#4201 = SURFACE_SIDE_STYLE('',(#4202));
#4202 = SURFACE_STYLE_FILL_AREA(#4203);
#4203 = FILL_AREA_STYLE('',(#4204));
#4204 = FILL_AREA_STYLE_COLOUR('',#3987);
#4205 = OVER_RIDING_STYLED_ITEM('overriding color',(#4206),#1108,#3970);
#4206 = PRESENTATION_STYLE_ASSIGNMENT((#4207));
#4207 = SURFACE_STYLE_USAGE(.BOTH.,#4208);
#4208 = SURFACE_SIDE_STYLE('',(#4209));
#4209 = SURFACE_STYLE_FILL_AREA(#4210);
#4210 = FILL_AREA_STYLE('',(#4211));
#4211 = FILL_AREA_STYLE_COLOUR('',#3987);
#4212 = OVER_RIDING_STYLED_ITEM('overriding color',(#4213),#1132,#3970);
#4213 = PRESENTATION_STYLE_ASSIGNMENT((#4214));
#4214 = SURFACE_STYLE_USAGE(.BOTH.,#4215);
#4215 = SURFACE_SIDE_STYLE('',(#4216));
#4216 = SURFACE_STYLE_FILL_AREA(#4217);
#4217 = FILL_AREA_STYLE('',(#4218));
#4218 = FILL_AREA_STYLE_COLOUR('',#3987);
#4219 = OVER_RIDING_STYLED_ITEM('overriding color',(#4220),#1174,#3970);
#4220 = PRESENTATION_STYLE_ASSIGNMENT((#4221));
#4221 = SURFACE_STYLE_USAGE(.BOTH.,#4222);
#4222 = SURFACE_SIDE_STYLE('',(#4223));
#4223 = SURFACE_STYLE_FILL_AREA(#4224);
#4224 = FILL_AREA_STYLE('',(#4225));
#4225 = FILL_AREA_STYLE_COLOUR('',#3987);
#4226 = OVER_RIDING_STYLED_ITEM('overriding color',(#4227),#1198,#3970);
#4227 = PRESENTATION_STYLE_ASSIGNMENT((#4228));
#4228 = SURFACE_STYLE_USAGE(.BOTH.,#4229);
#4229 = SURFACE_SIDE_STYLE('',(#4230));
#4230 = SURFACE_STYLE_FILL_AREA(#4231);
#4231 = FILL_AREA_STYLE('',(#4232));
#4232 = FILL_AREA_STYLE_COLOUR('',#3987);
#4233 = OVER_RIDING_STYLED_ITEM('overriding color',(#4234),#1240,#3970);
#4234 = PRESENTATION_STYLE_ASSIGNMENT((#4235));
#4235 = SURFACE_STYLE_USAGE(.BOTH.,#4236);
#4236 = SURFACE_SIDE_STYLE('',(#4237));
#4237 = SURFACE_STYLE_FILL_AREA(#4238);
#4238 = FILL_AREA_STYLE('',(#4239));
#4239 = FILL_AREA_STYLE_COLOUR('',#3987);
#4240 = OVER_RIDING_STYLED_ITEM('overriding color',(#4241),#1264,#3970);
#4241 = PRESENTATION_STYLE_ASSIGNMENT((#4242));
#4242 = SURFACE_STYLE_USAGE(.BOTH.,#4243);
#4243 = SURFACE_SIDE_STYLE('',(#4244));
#4244 = SURFACE_STYLE_FILL_AREA(#4245);
#4245 = FILL_AREA_STYLE('',(#4246));
#4246 = FILL_AREA_STYLE_COLOUR('',#3987);
#4247 = OVER_RIDING_STYLED_ITEM('overriding color',(#4248),#1306,#3970);
#4248 = PRESENTATION_STYLE_ASSIGNMENT((#4249));
#4249 = SURFACE_STYLE_USAGE(.BOTH.,#4250);
#4250 = SURFACE_SIDE_STYLE('',(#4251));
#4251 = SURFACE_STYLE_FILL_AREA(#4252);
#4252 = FILL_AREA_STYLE('',(#4253));
#4253 = FILL_AREA_STYLE_COLOUR('',#3987);
#4254 = OVER_RIDING_STYLED_ITEM('overriding color',(#4255),#1330,#3970);
#4255 = PRESENTATION_STYLE_ASSIGNMENT((#4256));
#4256 = SURFACE_STYLE_USAGE(.BOTH.,#4257);
#4257 = SURFACE_SIDE_STYLE('',(#4258));
#4258 = SURFACE_STYLE_FILL_AREA(#4259);
#4259 = FILL_AREA_STYLE('',(#4260));
#4260 = FILL_AREA_STYLE_COLOUR('',#3987);
#4261 = OVER_RIDING_STYLED_ITEM('overriding color',(#4262),#1372,#3970);
#4262 = PRESENTATION_STYLE_ASSIGNMENT((#4263));
#4263 = SURFACE_STYLE_USAGE(.BOTH.,#4264);
#4264 = SURFACE_SIDE_STYLE('',(#4265));
#4265 = SURFACE_STYLE_FILL_AREA(#4266);
#4266 = FILL_AREA_STYLE('',(#4267));
#4267 = FILL_AREA_STYLE_COLOUR('',#3987);
#4268 = OVER_RIDING_STYLED_ITEM('overriding color',(#4269),#1396,#3970);
#4269 = PRESENTATION_STYLE_ASSIGNMENT((#4270));
#4270 = SURFACE_STYLE_USAGE(.BOTH.,#4271);
#4271 = SURFACE_SIDE_STYLE('',(#4272));
#4272 = SURFACE_STYLE_FILL_AREA(#4273);
#4273 = FILL_AREA_STYLE('',(#4274));
#4274 = FILL_AREA_STYLE_COLOUR('',#3987);
#4275 = OVER_RIDING_STYLED_ITEM('overriding color',(#4276),#1438,#3970);
#4276 = PRESENTATION_STYLE_ASSIGNMENT((#4277));
#4277 = SURFACE_STYLE_USAGE(.BOTH.,#4278);
#4278 = SURFACE_SIDE_STYLE('',(#4279));
#4279 = SURFACE_STYLE_FILL_AREA(#4280);
#4280 = FILL_AREA_STYLE('',(#4281));
#4281 = FILL_AREA_STYLE_COLOUR('',#3987);
#4282 = OVER_RIDING_STYLED_ITEM('overriding color',(#4283),#1462,#3970);
#4283 = PRESENTATION_STYLE_ASSIGNMENT((#4284));
#4284 = SURFACE_STYLE_USAGE(.BOTH.,#4285);
#4285 = SURFACE_SIDE_STYLE('',(#4286));
#4286 = SURFACE_STYLE_FILL_AREA(#4287);
#4287 = FILL_AREA_STYLE('',(#4288));
#4288 = FILL_AREA_STYLE_COLOUR('',#3987);
#4289 = OVER_RIDING_STYLED_ITEM('overriding color',(#4290),#1504,#3970);
#4290 = PRESENTATION_STYLE_ASSIGNMENT((#4291));
#4291 = SURFACE_STYLE_USAGE(.BOTH.,#4292);
#4292 = SURFACE_SIDE_STYLE('',(#4293));
#4293 = SURFACE_STYLE_FILL_AREA(#4294);
#4294 = FILL_AREA_STYLE('',(#4295));
#4295 = FILL_AREA_STYLE_COLOUR('',#3987);
#4296 = OVER_RIDING_STYLED_ITEM('overriding color',(#4297),#1528,#3970);
#4297 = PRESENTATION_STYLE_ASSIGNMENT((#4298));
#4298 = SURFACE_STYLE_USAGE(.BOTH.,#4299);
#4299 = SURFACE_SIDE_STYLE('',(#4300));
#4300 = SURFACE_STYLE_FILL_AREA(#4301);
#4301 = FILL_AREA_STYLE('',(#4302));
#4302 = FILL_AREA_STYLE_COLOUR('',#3987);
#4303 = OVER_RIDING_STYLED_ITEM('overriding color',(#4304),#1570,#3970);
#4304 = PRESENTATION_STYLE_ASSIGNMENT((#4305));
#4305 = SURFACE_STYLE_USAGE(.BOTH.,#4306);
#4306 = SURFACE_SIDE_STYLE('',(#4307));
#4307 = SURFACE_STYLE_FILL_AREA(#4308);
#4308 = FILL_AREA_STYLE('',(#4309));
#4309 = FILL_AREA_STYLE_COLOUR('',#3987);
#4310 = OVER_RIDING_STYLED_ITEM('overriding color',(#4311),#1594,#3970);
#4311 = PRESENTATION_STYLE_ASSIGNMENT((#4312));
#4312 = SURFACE_STYLE_USAGE(.BOTH.,#4313);
#4313 = SURFACE_SIDE_STYLE('',(#4314));
#4314 = SURFACE_STYLE_FILL_AREA(#4315);
#4315 = FILL_AREA_STYLE('',(#4316));
#4316 = FILL_AREA_STYLE_COLOUR('',#3987);
#4317 = OVER_RIDING_STYLED_ITEM('overriding color',(#4318),#1636,#3970);
#4318 = PRESENTATION_STYLE_ASSIGNMENT((#4319));
#4319 = SURFACE_STYLE_USAGE(.BOTH.,#4320);
#4320 = SURFACE_SIDE_STYLE('',(#4321));
#4321 = SURFACE_STYLE_FILL_AREA(#4322);
#4322 = FILL_AREA_STYLE('',(#4323));
#4323 = FILL_AREA_STYLE_COLOUR('',#3987);
#4324 = OVER_RIDING_STYLED_ITEM('overriding color',(#4325),#1660,#3970);
#4325 = PRESENTATION_STYLE_ASSIGNMENT((#4326));
#4326 = SURFACE_STYLE_USAGE(.BOTH.,#4327);
#4327 = SURFACE_SIDE_STYLE('',(#4328));
#4328 = SURFACE_STYLE_FILL_AREA(#4329);
#4329 = FILL_AREA_STYLE('',(#4330));
#4330 = FILL_AREA_STYLE_COLOUR('',#3987);
#4331 = OVER_RIDING_STYLED_ITEM('overriding color',(#4332),#1702,#3970);
#4332 = PRESENTATION_STYLE_ASSIGNMENT((#4333));
#4333 = SURFACE_STYLE_USAGE(.BOTH.,#4334);
#4334 = SURFACE_SIDE_STYLE('',(#4335));
#4335 = SURFACE_STYLE_FILL_AREA(#4336);
#4336 = FILL_AREA_STYLE('',(#4337));
#4337 = FILL_AREA_STYLE_COLOUR('',#3987);
#4338 = OVER_RIDING_STYLED_ITEM('overriding color',(#4339),#1726,#3970);
#4339 = PRESENTATION_STYLE_ASSIGNMENT((#4340));
#4340 = SURFACE_STYLE_USAGE(.BOTH.,#4341);
#4341 = SURFACE_SIDE_STYLE('',(#4342));
#4342 = SURFACE_STYLE_FILL_AREA(#4343);
#4343 = FILL_AREA_STYLE('',(#4344));
#4344 = FILL_AREA_STYLE_COLOUR('',#3987);
#4345 = OVER_RIDING_STYLED_ITEM('overriding color',(#4346),#1768,#3970);
#4346 = PRESENTATION_STYLE_ASSIGNMENT((#4347));
#4347 = SURFACE_STYLE_USAGE(.BOTH.,#4348);
#4348 = SURFACE_SIDE_STYLE('',(#4349));
#4349 = SURFACE_STYLE_FILL_AREA(#4350);
#4350 = FILL_AREA_STYLE('',(#4351));
#4351 = FILL_AREA_STYLE_COLOUR('',#3987);
#4352 = OVER_RIDING_STYLED_ITEM('overriding color',(#4353),#1792,#3970);
#4353 = PRESENTATION_STYLE_ASSIGNMENT((#4354));
#4354 = SURFACE_STYLE_USAGE(.BOTH.,#4355);
#4355 = SURFACE_SIDE_STYLE('',(#4356));
#4356 = SURFACE_STYLE_FILL_AREA(#4357);
#4357 = FILL_AREA_STYLE('',(#4358));
#4358 = FILL_AREA_STYLE_COLOUR('',#3987);
#4359 = OVER_RIDING_STYLED_ITEM('overriding color',(#4360),#1834,#3970);
#4360 = PRESENTATION_STYLE_ASSIGNMENT((#4361));
#4361 = SURFACE_STYLE_USAGE(.BOTH.,#4362);
#4362 = SURFACE_SIDE_STYLE('',(#4363));
#4363 = SURFACE_STYLE_FILL_AREA(#4364);
#4364 = FILL_AREA_STYLE('',(#4365));
#4365 = FILL_AREA_STYLE_COLOUR('',#3987);
#4366 = OVER_RIDING_STYLED_ITEM('overriding color',(#4367),#1858,#3970);
#4367 = PRESENTATION_STYLE_ASSIGNMENT((#4368));
#4368 = SURFACE_STYLE_USAGE(.BOTH.,#4369);
#4369 = SURFACE_SIDE_STYLE('',(#4370));
#4370 = SURFACE_STYLE_FILL_AREA(#4371);
#4371 = FILL_AREA_STYLE('',(#4372));
#4372 = FILL_AREA_STYLE_COLOUR('',#3987);
#4373 = OVER_RIDING_STYLED_ITEM('overriding color',(#4374),#1900,#3970);
#4374 = PRESENTATION_STYLE_ASSIGNMENT((#4375));
#4375 = SURFACE_STYLE_USAGE(.BOTH.,#4376);
#4376 = SURFACE_SIDE_STYLE('',(#4377));
#4377 = SURFACE_STYLE_FILL_AREA(#4378);
#4378 = FILL_AREA_STYLE('',(#4379));
#4379 = FILL_AREA_STYLE_COLOUR('',#3987);
#4380 = OVER_RIDING_STYLED_ITEM('overriding color',(#4381),#1924,#3970);
#4381 = PRESENTATION_STYLE_ASSIGNMENT((#4382));
#4382 = SURFACE_STYLE_USAGE(.BOTH.,#4383);
#4383 = SURFACE_SIDE_STYLE('',(#4384));
#4384 = SURFACE_STYLE_FILL_AREA(#4385);
#4385 = FILL_AREA_STYLE('',(#4386));
#4386 = FILL_AREA_STYLE_COLOUR('',#3987);
#4387 = OVER_RIDING_STYLED_ITEM('overriding color',(#4388),#1966,#3970);
#4388 = PRESENTATION_STYLE_ASSIGNMENT((#4389));
#4389 = SURFACE_STYLE_USAGE(.BOTH.,#4390);
#4390 = SURFACE_SIDE_STYLE('',(#4391));
#4391 = SURFACE_STYLE_FILL_AREA(#4392);
#4392 = FILL_AREA_STYLE('',(#4393));
#4393 = FILL_AREA_STYLE_COLOUR('',#3987);
#4394 = OVER_RIDING_STYLED_ITEM('overriding color',(#4395),#1990,#3970);
#4395 = PRESENTATION_STYLE_ASSIGNMENT((#4396));
#4396 = SURFACE_STYLE_USAGE(.BOTH.,#4397);
#4397 = SURFACE_SIDE_STYLE('',(#4398));
#4398 = SURFACE_STYLE_FILL_AREA(#4399);
#4399 = FILL_AREA_STYLE('',(#4400));
#4400 = FILL_AREA_STYLE_COLOUR('',#3987);
#4401 = OVER_RIDING_STYLED_ITEM('overriding color',(#4402),#2032,#3970);
#4402 = PRESENTATION_STYLE_ASSIGNMENT((#4403));
#4403 = SURFACE_STYLE_USAGE(.BOTH.,#4404);
#4404 = SURFACE_SIDE_STYLE('',(#4405));
#4405 = SURFACE_STYLE_FILL_AREA(#4406);
#4406 = FILL_AREA_STYLE('',(#4407));
#4407 = FILL_AREA_STYLE_COLOUR('',#3987);
#4408 = OVER_RIDING_STYLED_ITEM('overriding color',(#4409),#2056,#3970);
#4409 = PRESENTATION_STYLE_ASSIGNMENT((#4410));
#4410 = SURFACE_STYLE_USAGE(.BOTH.,#4411);
#4411 = SURFACE_SIDE_STYLE('',(#4412));
#4412 = SURFACE_STYLE_FILL_AREA(#4413);
#4413 = FILL_AREA_STYLE('',(#4414));
#4414 = FILL_AREA_STYLE_COLOUR('',#3987);
#4415 = OVER_RIDING_STYLED_ITEM('overriding color',(#4416),#2098,#3970);
#4416 = PRESENTATION_STYLE_ASSIGNMENT((#4417));
#4417 = SURFACE_STYLE_USAGE(.BOTH.,#4418);
#4418 = SURFACE_SIDE_STYLE('',(#4419));
#4419 = SURFACE_STYLE_FILL_AREA(#4420);
#4420 = FILL_AREA_STYLE('',(#4421));
#4421 = FILL_AREA_STYLE_COLOUR('',#3987);
#4422 = OVER_RIDING_STYLED_ITEM('overriding color',(#4423),#2122,#3970);
#4423 = PRESENTATION_STYLE_ASSIGNMENT((#4424));
#4424 = SURFACE_STYLE_USAGE(.BOTH.,#4425);
#4425 = SURFACE_SIDE_STYLE('',(#4426));
#4426 = SURFACE_STYLE_FILL_AREA(#4427);
#4427 = FILL_AREA_STYLE('',(#4428));
#4428 = FILL_AREA_STYLE_COLOUR('',#3987);
#4429 = OVER_RIDING_STYLED_ITEM('overriding color',(#4430),#2164,#3970);
#4430 = PRESENTATION_STYLE_ASSIGNMENT((#4431));
#4431 = SURFACE_STYLE_USAGE(.BOTH.,#4432);
#4432 = SURFACE_SIDE_STYLE('',(#4433));
#4433 = SURFACE_STYLE_FILL_AREA(#4434);
#4434 = FILL_AREA_STYLE('',(#4435));
#4435 = FILL_AREA_STYLE_COLOUR('',#3987);
#4436 = OVER_RIDING_STYLED_ITEM('overriding color',(#4437),#2188,#3970);
#4437 = PRESENTATION_STYLE_ASSIGNMENT((#4438));
#4438 = SURFACE_STYLE_USAGE(.BOTH.,#4439);
#4439 = SURFACE_SIDE_STYLE('',(#4440));
#4440 = SURFACE_STYLE_FILL_AREA(#4441);
#4441 = FILL_AREA_STYLE('',(#4442));
#4442 = FILL_AREA_STYLE_COLOUR('',#3987);
#4443 = OVER_RIDING_STYLED_ITEM('overriding color',(#4444),#2230,#3970);
#4444 = PRESENTATION_STYLE_ASSIGNMENT((#4445));
#4445 = SURFACE_STYLE_USAGE(.BOTH.,#4446);
#4446 = SURFACE_SIDE_STYLE('',(#4447));
#4447 = SURFACE_STYLE_FILL_AREA(#4448);
#4448 = FILL_AREA_STYLE('',(#4449));
#4449 = FILL_AREA_STYLE_COLOUR('',#3987);
#4450 = OVER_RIDING_STYLED_ITEM('overriding color',(#4451),#2254,#3970);
#4451 = PRESENTATION_STYLE_ASSIGNMENT((#4452));
#4452 = SURFACE_STYLE_USAGE(.BOTH.,#4453);
#4453 = SURFACE_SIDE_STYLE('',(#4454));
#4454 = SURFACE_STYLE_FILL_AREA(#4455);
#4455 = FILL_AREA_STYLE('',(#4456));
#4456 = FILL_AREA_STYLE_COLOUR('',#3987);
#4457 = OVER_RIDING_STYLED_ITEM('overriding color',(#4458),#2296,#3970);
#4458 = PRESENTATION_STYLE_ASSIGNMENT((#4459));
#4459 = SURFACE_STYLE_USAGE(.BOTH.,#4460);
#4460 = SURFACE_SIDE_STYLE('',(#4461));
#4461 = SURFACE_STYLE_FILL_AREA(#4462);
#4462 = FILL_AREA_STYLE('',(#4463));
#4463 = FILL_AREA_STYLE_COLOUR('',#3987);
#4464 = OVER_RIDING_STYLED_ITEM('overriding color',(#4465),#2320,#3970);
#4465 = PRESENTATION_STYLE_ASSIGNMENT((#4466));
#4466 = SURFACE_STYLE_USAGE(.BOTH.,#4467);
#4467 = SURFACE_SIDE_STYLE('',(#4468));
#4468 = SURFACE_STYLE_FILL_AREA(#4469);
#4469 = FILL_AREA_STYLE('',(#4470));
#4470 = FILL_AREA_STYLE_COLOUR('',#3987);
#4471 = OVER_RIDING_STYLED_ITEM('overriding color',(#4472),#2362,#3970);
#4472 = PRESENTATION_STYLE_ASSIGNMENT((#4473));
#4473 = SURFACE_STYLE_USAGE(.BOTH.,#4474);
#4474 = SURFACE_SIDE_STYLE('',(#4475));
#4475 = SURFACE_STYLE_FILL_AREA(#4476);
#4476 = FILL_AREA_STYLE('',(#4477));
#4477 = FILL_AREA_STYLE_COLOUR('',#3987);
#4478 = OVER_RIDING_STYLED_ITEM('overriding color',(#4479),#2386,#3970);
#4479 = PRESENTATION_STYLE_ASSIGNMENT((#4480));
#4480 = SURFACE_STYLE_USAGE(.BOTH.,#4481);
#4481 = SURFACE_SIDE_STYLE('',(#4482));
#4482 = SURFACE_STYLE_FILL_AREA(#4483);
#4483 = FILL_AREA_STYLE('',(#4484));
#4484 = FILL_AREA_STYLE_COLOUR('',#3987);
#4485 = OVER_RIDING_STYLED_ITEM('overriding color',(#4486),#2428,#3970);
#4486 = PRESENTATION_STYLE_ASSIGNMENT((#4487));
#4487 = SURFACE_STYLE_USAGE(.BOTH.,#4488);
#4488 = SURFACE_SIDE_STYLE('',(#4489));
#4489 = SURFACE_STYLE_FILL_AREA(#4490);
#4490 = FILL_AREA_STYLE('',(#4491));
#4491 = FILL_AREA_STYLE_COLOUR('',#3987);
#4492 = OVER_RIDING_STYLED_ITEM('overriding color',(#4493),#2452,#3970);
#4493 = PRESENTATION_STYLE_ASSIGNMENT((#4494));
#4494 = SURFACE_STYLE_USAGE(.BOTH.,#4495);
#4495 = SURFACE_SIDE_STYLE('',(#4496));
#4496 = SURFACE_STYLE_FILL_AREA(#4497);
#4497 = FILL_AREA_STYLE('',(#4498));
#4498 = FILL_AREA_STYLE_COLOUR('',#3987);
#4499 = OVER_RIDING_STYLED_ITEM('overriding color',(#4500),#2494,#3970);
#4500 = PRESENTATION_STYLE_ASSIGNMENT((#4501));
#4501 = SURFACE_STYLE_USAGE(.BOTH.,#4502);
#4502 = SURFACE_SIDE_STYLE('',(#4503));
#4503 = SURFACE_STYLE_FILL_AREA(#4504);
#4504 = FILL_AREA_STYLE('',(#4505));
#4505 = FILL_AREA_STYLE_COLOUR('',#3987);
#4506 = OVER_RIDING_STYLED_ITEM('overriding color',(#4507),#2518,#3970);
#4507 = PRESENTATION_STYLE_ASSIGNMENT((#4508));
#4508 = SURFACE_STYLE_USAGE(.BOTH.,#4509);
#4509 = SURFACE_SIDE_STYLE('',(#4510));
#4510 = SURFACE_STYLE_FILL_AREA(#4511);
#4511 = FILL_AREA_STYLE('',(#4512));
#4512 = FILL_AREA_STYLE_COLOUR('',#3987);
#4513 = OVER_RIDING_STYLED_ITEM('overriding color',(#4514),#2560,#3970);
#4514 = PRESENTATION_STYLE_ASSIGNMENT((#4515));
#4515 = SURFACE_STYLE_USAGE(.BOTH.,#4516);
#4516 = SURFACE_SIDE_STYLE('',(#4517));
#4517 = SURFACE_STYLE_FILL_AREA(#4518);
#4518 = FILL_AREA_STYLE('',(#4519));
#4519 = FILL_AREA_STYLE_COLOUR('',#3987);
#4520 = OVER_RIDING_STYLED_ITEM('overriding color',(#4521),#2584,#3970);
#4521 = PRESENTATION_STYLE_ASSIGNMENT((#4522));
#4522 = SURFACE_STYLE_USAGE(.BOTH.,#4523);
#4523 = SURFACE_SIDE_STYLE('',(#4524));
#4524 = SURFACE_STYLE_FILL_AREA(#4525);
#4525 = FILL_AREA_STYLE('',(#4526));
#4526 = FILL_AREA_STYLE_COLOUR('',#3987);
#4527 = OVER_RIDING_STYLED_ITEM('overriding color',(#4528),#2626,#3970);
#4528 = PRESENTATION_STYLE_ASSIGNMENT((#4529));
#4529 = SURFACE_STYLE_USAGE(.BOTH.,#4530);
#4530 = SURFACE_SIDE_STYLE('',(#4531));
#4531 = SURFACE_STYLE_FILL_AREA(#4532);
#4532 = FILL_AREA_STYLE('',(#4533));
#4533 = FILL_AREA_STYLE_COLOUR('',#3987);
#4534 = OVER_RIDING_STYLED_ITEM('overriding color',(#4535),#2650,#3970);
#4535 = PRESENTATION_STYLE_ASSIGNMENT((#4536));
#4536 = SURFACE_STYLE_USAGE(.BOTH.,#4537);
#4537 = SURFACE_SIDE_STYLE('',(#4538));
#4538 = SURFACE_STYLE_FILL_AREA(#4539);
#4539 = FILL_AREA_STYLE('',(#4540));
#4540 = FILL_AREA_STYLE_COLOUR('',#3987);
#4541 = OVER_RIDING_STYLED_ITEM('overriding color',(#4542),#2692,#3970);
#4542 = PRESENTATION_STYLE_ASSIGNMENT((#4543));
#4543 = SURFACE_STYLE_USAGE(.BOTH.,#4544);
#4544 = SURFACE_SIDE_STYLE('',(#4545));
#4545 = SURFACE_STYLE_FILL_AREA(#4546);
#4546 = FILL_AREA_STYLE('',(#4547));
#4547 = FILL_AREA_STYLE_COLOUR('',#3987);
#4548 = OVER_RIDING_STYLED_ITEM('overriding color',(#4549),#2716,#3970);
#4549 = PRESENTATION_STYLE_ASSIGNMENT((#4550));
#4550 = SURFACE_STYLE_USAGE(.BOTH.,#4551);
#4551 = SURFACE_SIDE_STYLE('',(#4552));
#4552 = SURFACE_STYLE_FILL_AREA(#4553);
#4553 = FILL_AREA_STYLE('',(#4554));
#4554 = FILL_AREA_STYLE_COLOUR('',#3987);
#4555 = OVER_RIDING_STYLED_ITEM('overriding color',(#4556),#2758,#3970);
#4556 = PRESENTATION_STYLE_ASSIGNMENT((#4557));
#4557 = SURFACE_STYLE_USAGE(.BOTH.,#4558);
#4558 = SURFACE_SIDE_STYLE('',(#4559));
#4559 = SURFACE_STYLE_FILL_AREA(#4560);
#4560 = FILL_AREA_STYLE('',(#4561));
#4561 = FILL_AREA_STYLE_COLOUR('',#3987);
#4562 = OVER_RIDING_STYLED_ITEM('overriding color',(#4563),#2782,#3970);
#4563 = PRESENTATION_STYLE_ASSIGNMENT((#4564));
#4564 = SURFACE_STYLE_USAGE(.BOTH.,#4565);
#4565 = SURFACE_SIDE_STYLE('',(#4566));
#4566 = SURFACE_STYLE_FILL_AREA(#4567);
#4567 = FILL_AREA_STYLE('',(#4568));
#4568 = FILL_AREA_STYLE_COLOUR('',#3987);
#4569 = OVER_RIDING_STYLED_ITEM('overriding color',(#4570),#2824,#3970);
#4570 = PRESENTATION_STYLE_ASSIGNMENT((#4571));
#4571 = SURFACE_STYLE_USAGE(.BOTH.,#4572);
#4572 = SURFACE_SIDE_STYLE('',(#4573));
#4573 = SURFACE_STYLE_FILL_AREA(#4574);
#4574 = FILL_AREA_STYLE('',(#4575));
#4575 = FILL_AREA_STYLE_COLOUR('',#3987);
#4576 = OVER_RIDING_STYLED_ITEM('overriding color',(#4577),#2848,#3970);
#4577 = PRESENTATION_STYLE_ASSIGNMENT((#4578));
#4578 = SURFACE_STYLE_USAGE(.BOTH.,#4579);
#4579 = SURFACE_SIDE_STYLE('',(#4580));
#4580 = SURFACE_STYLE_FILL_AREA(#4581);
#4581 = FILL_AREA_STYLE('',(#4582));
#4582 = FILL_AREA_STYLE_COLOUR('',#3987);
#4583 = OVER_RIDING_STYLED_ITEM('overriding color',(#4584),#2890,#3970);
#4584 = PRESENTATION_STYLE_ASSIGNMENT((#4585));
#4585 = SURFACE_STYLE_USAGE(.BOTH.,#4586);
#4586 = SURFACE_SIDE_STYLE('',(#4587));
#4587 = SURFACE_STYLE_FILL_AREA(#4588);
#4588 = FILL_AREA_STYLE('',(#4589));
#4589 = FILL_AREA_STYLE_COLOUR('',#3987);
#4590 = OVER_RIDING_STYLED_ITEM('overriding color',(#4591),#2914,#3970);
#4591 = PRESENTATION_STYLE_ASSIGNMENT((#4592));
#4592 = SURFACE_STYLE_USAGE(.BOTH.,#4593);
#4593 = SURFACE_SIDE_STYLE('',(#4594));
#4594 = SURFACE_STYLE_FILL_AREA(#4595);
#4595 = FILL_AREA_STYLE('',(#4596));
#4596 = FILL_AREA_STYLE_COLOUR('',#3987);
#4597 = OVER_RIDING_STYLED_ITEM('overriding color',(#4598),#2956,#3970);
#4598 = PRESENTATION_STYLE_ASSIGNMENT((#4599));
#4599 = SURFACE_STYLE_USAGE(.BOTH.,#4600);
#4600 = SURFACE_SIDE_STYLE('',(#4601));
#4601 = SURFACE_STYLE_FILL_AREA(#4602);
#4602 = FILL_AREA_STYLE('',(#4603));
#4603 = FILL_AREA_STYLE_COLOUR('',#3987);
#4604 = OVER_RIDING_STYLED_ITEM('overriding color',(#4605),#2980,#3970);
#4605 = PRESENTATION_STYLE_ASSIGNMENT((#4606));
#4606 = SURFACE_STYLE_USAGE(.BOTH.,#4607);
#4607 = SURFACE_SIDE_STYLE('',(#4608));
#4608 = SURFACE_STYLE_FILL_AREA(#4609);
#4609 = FILL_AREA_STYLE('',(#4610));
#4610 = FILL_AREA_STYLE_COLOUR('',#3987);
#4611 = OVER_RIDING_STYLED_ITEM('overriding color',(#4612),#3022,#3970);
#4612 = PRESENTATION_STYLE_ASSIGNMENT((#4613));
#4613 = SURFACE_STYLE_USAGE(.BOTH.,#4614);
#4614 = SURFACE_SIDE_STYLE('',(#4615));
#4615 = SURFACE_STYLE_FILL_AREA(#4616);
#4616 = FILL_AREA_STYLE('',(#4617));
#4617 = FILL_AREA_STYLE_COLOUR('',#3987);
#4618 = OVER_RIDING_STYLED_ITEM('overriding color',(#4619),#3046,#3970);
#4619 = PRESENTATION_STYLE_ASSIGNMENT((#4620));
#4620 = SURFACE_STYLE_USAGE(.BOTH.,#4621);
#4621 = SURFACE_SIDE_STYLE('',(#4622));
#4622 = SURFACE_STYLE_FILL_AREA(#4623);
#4623 = FILL_AREA_STYLE('',(#4624));
#4624 = FILL_AREA_STYLE_COLOUR('',#3987);
#4625 = OVER_RIDING_STYLED_ITEM('overriding color',(#4626),#3088,#3970);
#4626 = PRESENTATION_STYLE_ASSIGNMENT((#4627));
#4627 = SURFACE_STYLE_USAGE(.BOTH.,#4628);
#4628 = SURFACE_SIDE_STYLE('',(#4629));
#4629 = SURFACE_STYLE_FILL_AREA(#4630);
#4630 = FILL_AREA_STYLE('',(#4631));
#4631 = FILL_AREA_STYLE_COLOUR('',#3987);
#4632 = OVER_RIDING_STYLED_ITEM('overriding color',(#4633),#3112,#3970);
#4633 = PRESENTATION_STYLE_ASSIGNMENT((#4634));
#4634 = SURFACE_STYLE_USAGE(.BOTH.,#4635);
#4635 = SURFACE_SIDE_STYLE('',(#4636));
#4636 = SURFACE_STYLE_FILL_AREA(#4637);
#4637 = FILL_AREA_STYLE('',(#4638));
#4638 = FILL_AREA_STYLE_COLOUR('',#3987);
#4639 = OVER_RIDING_STYLED_ITEM('overriding color',(#4640),#3154,#3970);
#4640 = PRESENTATION_STYLE_ASSIGNMENT((#4641));
#4641 = SURFACE_STYLE_USAGE(.BOTH.,#4642);
#4642 = SURFACE_SIDE_STYLE('',(#4643));
#4643 = SURFACE_STYLE_FILL_AREA(#4644);
#4644 = FILL_AREA_STYLE('',(#4645));
#4645 = FILL_AREA_STYLE_COLOUR('',#3987);
#4646 = OVER_RIDING_STYLED_ITEM('overriding color',(#4647),#3178,#3970);
#4647 = PRESENTATION_STYLE_ASSIGNMENT((#4648));
#4648 = SURFACE_STYLE_USAGE(.BOTH.,#4649);
#4649 = SURFACE_SIDE_STYLE('',(#4650));
#4650 = SURFACE_STYLE_FILL_AREA(#4651);
#4651 = FILL_AREA_STYLE('',(#4652));
#4652 = FILL_AREA_STYLE_COLOUR('',#3987);
#4653 = OVER_RIDING_STYLED_ITEM('overriding color',(#4654),#3220,#3970);
#4654 = PRESENTATION_STYLE_ASSIGNMENT((#4655));
#4655 = SURFACE_STYLE_USAGE(.BOTH.,#4656);
#4656 = SURFACE_SIDE_STYLE('',(#4657));
#4657 = SURFACE_STYLE_FILL_AREA(#4658);
#4658 = FILL_AREA_STYLE('',(#4659));
#4659 = FILL_AREA_STYLE_COLOUR('',#3987);
#4660 = OVER_RIDING_STYLED_ITEM('overriding color',(#4661),#3244,#3970);
#4661 = PRESENTATION_STYLE_ASSIGNMENT((#4662));
#4662 = SURFACE_STYLE_USAGE(.BOTH.,#4663);
#4663 = SURFACE_SIDE_STYLE('',(#4664));
#4664 = SURFACE_STYLE_FILL_AREA(#4665);
#4665 = FILL_AREA_STYLE('',(#4666));
#4666 = FILL_AREA_STYLE_COLOUR('',#3987);
#4667 = OVER_RIDING_STYLED_ITEM('overriding color',(#4668),#3286,#3970);
#4668 = PRESENTATION_STYLE_ASSIGNMENT((#4669));
#4669 = SURFACE_STYLE_USAGE(.BOTH.,#4670);
#4670 = SURFACE_SIDE_STYLE('',(#4671));
#4671 = SURFACE_STYLE_FILL_AREA(#4672);
#4672 = FILL_AREA_STYLE('',(#4673));
#4673 = FILL_AREA_STYLE_COLOUR('',#3987);
#4674 = OVER_RIDING_STYLED_ITEM('overriding color',(#4675),#3310,#3970);
#4675 = PRESENTATION_STYLE_ASSIGNMENT((#4676));
#4676 = SURFACE_STYLE_USAGE(.BOTH.,#4677);
#4677 = SURFACE_SIDE_STYLE('',(#4678));
#4678 = SURFACE_STYLE_FILL_AREA(#4679);
#4679 = FILL_AREA_STYLE('',(#4680));
#4680 = FILL_AREA_STYLE_COLOUR('',#3987);
#4681 = OVER_RIDING_STYLED_ITEM('overriding color',(#4682),#3352,#3970);
#4682 = PRESENTATION_STYLE_ASSIGNMENT((#4683));
#4683 = SURFACE_STYLE_USAGE(.BOTH.,#4684);
#4684 = SURFACE_SIDE_STYLE('',(#4685));
#4685 = SURFACE_STYLE_FILL_AREA(#4686);
#4686 = FILL_AREA_STYLE('',(#4687));
#4687 = FILL_AREA_STYLE_COLOUR('',#3987);
#4688 = OVER_RIDING_STYLED_ITEM('overriding color',(#4689),#3376,#3970);
#4689 = PRESENTATION_STYLE_ASSIGNMENT((#4690));
#4690 = SURFACE_STYLE_USAGE(.BOTH.,#4691);
#4691 = SURFACE_SIDE_STYLE('',(#4692));
#4692 = SURFACE_STYLE_FILL_AREA(#4693);
#4693 = FILL_AREA_STYLE('',(#4694));
#4694 = FILL_AREA_STYLE_COLOUR('',#3987);
#4695 = OVER_RIDING_STYLED_ITEM('overriding color',(#4696),#3418,#3970);
#4696 = PRESENTATION_STYLE_ASSIGNMENT((#4697));
#4697 = SURFACE_STYLE_USAGE(.BOTH.,#4698);
#4698 = SURFACE_SIDE_STYLE('',(#4699));
#4699 = SURFACE_STYLE_FILL_AREA(#4700);
#4700 = FILL_AREA_STYLE('',(#4701));
#4701 = FILL_AREA_STYLE_COLOUR('',#3987);


ENDSEC;
END-ISO-10303-21;